rate,date,pctl12_5,pctl87_5,volume,alternativeCalculation,alternativeCalculationReason,publicationTime,republication,numberOfTransactions,numberOfAgents
-0.104,2021-09-01,-0.2,0.0,32942.0,False,,2021-09-02T09:00:00Z,False,39.0,6.0
-0.096,2021-09-02,-0.15,0.0,30762.0,False,,2021-09-03T09:00:00Z,False,40.0,6.0
-0.101,2021-09-03,-0.2,0.0,29849.0,False,,2021-09-06T09:00:00Z,False,41.0,6.0
-0.109,2021-09-06,-0.2,0.0,31594.0,False,,2021-09-07T09:00:00Z,False,40.0,5.0
-0.104,2021-09-07,-0.2,0.0,27221.0,False,,2021-09-08T09:00:00Z,False,35.0,5.0
-0.1,2021-09-08,-0.15,0.0,28636.0,False,,2021-09-09T09:00:00Z,False,39.0,4.0
-0.11,2021-09-09,-0.16,0.0,32349.0,False,,2021-09-10T09:00:00Z,False,40.0,6.0
-0.108,2021-09-10,-0.16,-0.1,40292.0,False,,2021-09-13T09:00:00Z,False,42.0,6.0
-0.102,2021-09-13,-0.15,-0.1,51470.0,False,,2021-09-14T09:00:00Z,False,39.0,6.0
-0.1,2021-09-14,-0.1,-0.1,51667.0,False,,2021-09-15T09:00:00Z,False,37.0,5.0
-0.115,2021-09-15,-0.16,-0.1,40349.0,False,,2021-09-16T09:00:00Z,False,39.0,5.0
-0.113,2021-09-16,-0.16,0.0,34799.0,False,,2021-09-17T09:00:00Z,False,43.0,6.0
-0.112,2021-09-17,-0.16,-0.1,37916.0,False,,2021-09-20T09:00:00Z,False,41.0,6.0
-0.112,2021-09-20,-0.16,-0.1,35440.0,False,,2021-09-21T09:00:00Z,False,40.0,6.0
-0.112,2021-09-21,-0.16,-0.1,38986.0,False,,2021-09-22T09:00:00Z,False,37.0,5.0
-0.103,2021-09-22,-0.15,-0.1,45458.0,False,,2021-09-23T09:00:00Z,False,39.0,6.0
-0.103,2021-09-23,-0.16,-0.1,38083.0,False,,2021-09-24T09:00:00Z,False,48.0,6.0
-0.106,2021-09-24,-0.16,-0.1,33974.0,False,,2021-09-27T09:00:00Z,False,51.0,6.0
-0.106,2021-09-27,-0.16,-0.1,35969.0,False,,2021-09-28T09:00:00Z,False,45.0,6.0
-0.107,2021-09-28,-0.16,-0.1,34311.0,False,,2021-09-29T09:00:00Z,False,48.0,6.0
-0.106,2021-09-29,-0.16,-0.1,34384.0,False,,2021-09-30T09:00:00Z,False,45.0,6.0
-0.111,2021-09-30,-0.16,-0.1,39714.0,False,,2021-10-01T09:00:00Z,False,47.0,6.0
-0.109,2021-10-01,-0.19,-0.1,35103.0,False,,2021-10-04T09:00:00Z,False,43.0,6.0
-0.102,2021-10-04,-0.16,0.0,37261.0,False,,2021-10-05T09:00:00Z,False,41.0,6.0
-0.101,2021-10-05,-0.16,0.0,31628.0,False,,2021-10-06T09:00:00Z,False,40.0,6.0
-0.104,2021-10-06,-0.16,0.0,30583.0,False,,2021-10-07T09:00:00Z,False,38.0,6.0
-0.106,2021-10-07,-0.16,0.0,31881.0,False,,2021-10-08T09:00:00Z,False,37.0,6.0
-0.113,2021-10-08,-0.16,0.0,28598.0,False,,2021-10-11T09:00:00Z,False,39.0,6.0
-0.115,2021-10-11,-0.16,0.0,30743.0,False,,2021-10-12T09:00:00Z,False,40.0,6.0
-0.115,2021-10-12,-0.2,0.0,29766.0,False,,2021-10-13T09:00:00Z,False,38.0,6.0
-0.118,2021-10-13,-0.2,0.0,27893.0,False,,2021-10-14T09:00:00Z,False,34.0,6.0
-0.107,2021-10-14,-0.16,0.0,24729.0,False,,2021-10-15T09:00:00Z,False,35.0,6.0
-0.105,2021-10-15,-0.2,0.0,24740.0,False,,2021-10-18T09:00:00Z,False,36.0,5.0
-0.109,2021-10-18,-0.2,0.0,14695.0,False,,2021-10-19T09:00:00Z,False,27.0,4.0
-0.108,2021-10-19,-0.2,0.0,30499.0,False,,2021-10-20T09:00:00Z,False,40.0,5.0
-0.105,2021-10-20,-0.16,-0.07,38920.0,False,,2021-10-21T09:00:00Z,False,43.0,7.0
-0.108,2021-10-21,-0.2,-0.07,37468.0,False,,2021-10-22T09:00:00Z,False,44.0,7.0
-0.109,2021-10-22,-0.2,-0.07,39922.0,False,,2021-10-25T09:00:00Z,False,53.0,6.0
-0.11,2021-10-25,-0.2,-0.07,45014.0,False,,2021-10-26T09:00:00Z,False,58.0,7.0
-0.108,2021-10-26,-0.16,-0.07,41876.0,False,,2021-10-27T09:00:00Z,False,54.0,7.0
-0.11,2021-10-27,-0.16,-0.07,41728.0,False,,2021-10-28T09:00:00Z,False,48.0,7.0
-0.109,2021-10-28,-0.16,-0.07,40087.0,False,,2021-10-29T09:00:00Z,False,49.0,7.0
-0.099,2021-10-29,-0.16,0.0,39178.0,False,,2021-11-01T10:00:00Z,False,46.0,6.0
-0.103,2021-11-01,-0.16,0.0,34385.0,False,,2021-11-02T10:00:00Z,False,39.0,6.0
-0.111,2021-11-02,-0.2,-0.07,34015.0,False,,2021-11-03T10:00:00Z,False,43.0,7.0
-0.115,2021-11-03,-0.2,-0.1,33484.0,False,,2021-11-04T10:00:00Z,False,42.0,5.0
-0.119,2021-11-04,-0.2,-0.1,33212.0,False,,2021-11-05T10:00:00Z,False,35.0,5.0
-0.118,2021-11-05,-0.2,-0.1,32997.0,False,,2021-11-08T10:00:00Z,False,39.0,6.0
-0.116,2021-11-08,-0.2,0.0,31427.0,False,,2021-11-09T10:00:00Z,False,36.0,6.0
-0.114,2021-11-09,-0.2,0.0,31850.0,False,,2021-11-10T10:00:00Z,False,34.0,5.0
-0.12,2021-11-10,-0.2,0.0,28073.0,False,,2021-11-11T10:00:00Z,False,32.0,5.0
-0.124,2021-11-11,-0.2,-0.1,32674.0,False,,2021-11-12T10:00:00Z,False,36.0,5.0
-0.115,2021-11-12,-0.2,-0.1,48402.0,False,,2021-11-15T10:00:00Z,False,36.0,5.0
-0.108,2021-11-15,-0.17,-0.1,48305.0,False,,2021-11-16T10:00:00Z,False,38.0,6.0
-0.108,2021-11-16,-0.17,-0.1,52496.0,False,,2021-11-17T10:00:00Z,False,39.0,6.0
-0.108,2021-11-17,-0.17,-0.1,56706.0,False,,2021-11-18T10:00:00Z,False,39.0,6.0
-0.109,2021-11-18,-0.17,-0.1,51809.0,False,,2021-11-19T10:00:00Z,False,42.0,6.0
-0.112,2021-11-19,-0.2,-0.1,37988.0,False,,2021-11-22T10:00:00Z,False,39.0,5.0
-0.125,2021-11-22,-0.2,0.0,22592.0,False,,2021-11-23T10:00:00Z,False,30.0,5.0
-0.12,2021-11-23,-0.2,-0.1,36488.0,False,,2021-11-24T10:00:00Z,False,42.0,5.0
-0.115,2021-11-24,-0.2,-0.1,40406.0,False,,2021-11-25T10:00:00Z,False,49.0,7.0
-0.124,2021-11-25,-0.2,-0.1,44069.0,False,,2021-11-26T10:00:00Z,False,60.0,7.0
-0.11,2021-11-26,-0.2,-0.07,36207.0,False,,2021-11-29T10:00:00Z,False,52.0,6.0
-0.115,2021-11-29,-0.2,-0.1,37937.0,False,,2021-11-30T10:00:00Z,False,46.0,5.0
-0.117,2021-11-30,-0.2,0.0,38928.0,False,,2021-12-01T10:00:00Z,False,39.0,6.0
-0.114,2021-12-01,-0.2,0.0,41847.0,False,,2021-12-02T10:00:00Z,False,39.0,7.0
-0.115,2021-12-02,-0.2,-0.07,37967.0,False,,2021-12-03T10:00:00Z,False,40.0,6.0
-0.111,2021-12-03,-0.2,-0.07,39732.0,False,,2021-12-06T10:00:00Z,False,38.0,6.0
-0.11,2021-12-06,-0.2,0.0,41372.0,False,,2021-12-07T10:00:00Z,False,47.0,7.0
-0.109,2021-12-07,-0.16,-0.1,67315.0,False,,2021-12-08T10:00:00Z,False,45.0,7.0
-0.11,2021-12-08,-0.16,-0.1,60182.0,False,,2021-12-09T10:00:00Z,False,45.0,6.0
-0.107,2021-12-09,-0.16,-0.1,55915.0,False,,2021-12-10T10:00:00Z,False,44.0,6.0
-0.113,2021-12-10,-0.2,-0.1,49263.0,False,,2021-12-13T10:00:00Z,False,43.0,6.0
-0.106,2021-12-13,-0.17,-0.1,51113.0,False,,2021-12-14T10:00:00Z,False,49.0,6.0
-0.106,2021-12-14,-0.17,-0.1,51999.0,False,,2021-12-15T10:00:00Z,False,38.0,5.0
-0.114,2021-12-15,-0.2,-0.1,46906.0,False,,2021-12-16T10:00:00Z,False,41.0,5.0
-0.113,2021-12-16,-0.19,-0.1,39494.0,False,,2021-12-17T10:00:00Z,False,44.0,6.0
-0.111,2021-12-17,-0.2,0.0,39695.0,False,,2021-12-20T10:00:00Z,False,44.0,5.0
-0.117,2021-12-20,-0.2,0.0,39076.0,False,,2021-12-21T10:00:00Z,False,48.0,6.0
-0.122,2021-12-21,-0.2,-0.1,37549.0,False,,2021-12-22T10:00:00Z,False,41.0,5.0
-0.113,2021-12-22,-0.2,-0.1,39559.0,False,,2021-12-23T10:00:00Z,False,51.0,5.0
-0.122,2021-12-23,-0.2,-0.1,31656.0,False,,2021-12-27T10:00:00Z,False,53.0,6.0
-0.126,2021-12-27,-0.2,-0.1,35904.0,False,,2021-12-28T10:00:00Z,False,54.0,6.0
-0.122,2021-12-28,-0.2,-0.1,32587.0,False,,2021-12-29T10:00:00Z,False,50.0,6.0
-0.122,2021-12-29,-0.2,-0.1,29823.0,False,,2021-12-30T10:00:00Z,False,46.0,5.0
-2.97,2021-12-30,-11.25,-1.0,25019.0,False,,2022-01-03T10:00:00Z,False,35.0,4.0
-0.116,2022-01-03,-0.2,-0.1,24336.0,False,,2022-01-04T10:00:00Z,False,35.0,6.0
-0.125,2022-01-04,-0.2,-0.1,26716.0,False,,2022-01-05T10:00:00Z,False,37.0,4.0
-0.125,2022-01-05,-0.2,-0.1,31372.0,False,,2022-01-07T10:00:00Z,False,40.0,6.0
-0.118,2022-01-07,-0.2,-0.1,32892.0,False,,2022-01-10T10:00:00Z,False,38.0,5.0
-0.112,2022-01-10,-0.2,0.0,35020.0,False,,2022-01-11T10:00:00Z,False,41.0,5.0
-0.112,2022-01-11,-0.2,0.0,35629.0,False,,2022-01-12T10:00:00Z,False,40.0,5.0
-0.112,2022-01-12,-0.2,0.0,34976.0,False,,2022-01-13T10:00:00Z,False,40.0,6.0
-0.106,2022-01-13,-0.2,0.0,32059.0,False,,2022-01-14T10:00:00Z,False,42.0,5.0
-0.113,2022-01-14,-0.2,0.0,36421.0,False,,2022-01-17T10:00:00Z,False,39.0,4.0
-0.111,2022-01-17,-0.2,0.0,39753.0,False,,2022-01-18T10:00:00Z,False,42.0,4.0
-0.105,2022-01-18,-0.2,0.0,40712.0,False,,2022-01-19T10:00:00Z,False,45.0,5.0
-0.109,2022-01-19,-0.2,0.0,41088.0,False,,2022-01-20T10:00:00Z,False,39.0,5.0
-0.11,2022-01-20,-0.2,0.0,41278.0,False,,2022-01-21T10:00:00Z,False,42.0,4.0
-0.113,2022-01-21,-0.2,0.0,39011.0,False,,2022-01-24T10:00:00Z,False,45.0,4.0
-0.112,2022-01-24,-0.2,0.0,42328.0,False,,2022-01-25T10:00:00Z,False,54.0,4.0
-0.115,2022-01-25,-0.2,-0.1,42963.0,False,,2022-01-26T10:00:00Z,False,56.0,5.0
-0.112,2022-01-26,-0.2,0.0,38887.0,False,,2022-01-27T10:00:00Z,False,52.0,4.0
-0.113,2022-01-27,-0.2,-0.1,29932.0,False,,2022-01-28T10:00:00Z,False,48.0,5.0
-0.122,2022-01-28,-0.2,-0.1,32219.0,False,,2022-01-31T10:00:00Z,False,44.0,4.0
-0.121,2022-01-31,-0.2,-0.1,32662.0,False,,2022-02-01T10:00:00Z,False,40.0,5.0
-0.132,2022-02-01,-0.2,-0.1,33570.0,False,,2022-02-02T10:00:00Z,False,39.0,5.0
-0.119,2022-02-02,-0.2,-0.1,29952.0,False,,2022-02-03T10:00:00Z,False,37.0,5.0
-0.122,2022-02-03,-0.2,-0.1,30684.0,False,,2022-02-04T10:00:00Z,False,41.0,5.0
-0.11,2022-02-04,-0.2,-0.07,32452.0,False,,2022-02-07T10:00:00Z,False,41.0,6.0
-0.114,2022-02-07,-0.2,-0.07,32644.0,False,,2022-02-08T10:00:00Z,False,36.0,6.0
-0.122,2022-02-08,-0.2,-0.1,31578.0,False,,2022-02-09T10:00:00Z,False,39.0,6.0
-0.122,2022-02-09,-0.2,-0.1,30347.0,False,,2022-02-10T10:00:00Z,False,39.0,6.0
-0.122,2022-02-10,-0.2,0.0,27756.0,False,,2022-02-11T10:00:00Z,False,37.0,5.0
-0.113,2022-02-11,-0.2,0.0,29332.0,False,,2022-02-14T10:00:00Z,False,36.0,5.0
-0.1,2022-02-14,-0.15,-0.1,61380.0,False,,2022-02-15T10:00:00Z,False,43.0,5.0
-0.1,2022-02-15,-0.15,-0.1,63916.0,False,,2022-02-16T10:00:00Z,False,39.0,5.0
-0.1,2022-02-16,-0.1,-0.1,60931.0,False,,2022-02-17T10:00:00Z,False,38.0,6.0
-0.1,2022-02-17,-0.1,-0.1,64711.0,False,,2022-02-18T10:00:00Z,False,40.0,5.0
-0.103,2022-02-18,-0.16,-0.1,64183.0,False,,2022-02-21T10:00:00Z,False,42.0,5.0
-0.104,2022-02-21,-0.17,-0.1,61173.0,False,,2022-02-22T10:00:00Z,False,41.0,5.0
-0.1,2022-02-22,-0.1,-0.1,61558.0,False,,2022-02-23T10:00:00Z,False,37.0,5.0
-0.098,2022-02-23,-0.2,0.0,38496.0,False,,2022-02-24T10:00:00Z,False,40.0,5.0
-0.093,2022-02-24,-0.1,0.0,39089.0,False,,2022-02-25T10:00:00Z,False,48.0,5.0
-0.094,2022-02-25,-0.15,0.0,40863.0,False,,2022-02-28T10:00:00Z,False,51.0,6.0
-0.101,2022-02-28,-0.17,0.0,40139.0,False,,2022-03-01T10:00:00Z,False,48.0,5.0
-0.102,2022-03-01,-0.17,0.0,37349.0,False,,2022-03-02T10:00:00Z,False,38.0,6.0
-0.098,2022-03-02,-0.17,0.0,33758.0,False,,2022-03-03T10:00:00Z,False,33.0,5.0
-0.096,2022-03-03,-0.15,0.0,33430.0,False,,2022-03-04T10:00:00Z,False,39.0,5.0
-0.089,2022-03-04,-0.17,0.0,47156.0,False,,2022-03-07T10:00:00Z,False,38.0,5.0
-0.109,2022-03-07,-0.2,0.0,40647.0,False,,2022-03-08T10:00:00Z,False,39.0,6.0
-0.106,2022-03-08,-0.2,0.0,42599.0,False,,2022-03-09T10:00:00Z,False,42.0,6.0
-0.095,2022-03-09,-0.15,0.0,34712.0,False,,2022-03-10T10:00:00Z,False,39.0,5.0
-0.094,2022-03-10,-0.15,0.0,31982.0,False,,2022-03-11T10:00:00Z,False,39.0,6.0
-0.1,2022-03-11,-0.1,-0.1,58882.0,False,,2022-03-14T10:00:00Z,False,37.0,6.0
-0.1,2022-03-14,-0.1,-0.1,88020.0,False,,2022-03-15T10:00:00Z,False,37.0,5.0
-0.1,2022-03-15,-0.1,-0.1,91707.0,False,,2022-03-16T10:00:00Z,False,38.0,7.0
-0.101,2022-03-16,-0.11,-0.1,59262.0,False,,2022-03-17T10:00:00Z,False,38.0,6.0
-0.1,2022-03-17,-0.11,-0.1,59490.0,False,,2022-03-18T10:00:00Z,False,39.0,6.0
-0.101,2022-03-18,-0.2,-0.1,49551.0,False,,2022-03-21T10:00:00Z,False,38.0,5.0
-0.101,2022-03-21,-0.11,-0.1,44647.0,False,,2022-03-22T10:00:00Z,False,38.0,6.0
-0.105,2022-03-22,-0.17,-0.1,52259.0,False,,2022-03-23T10:00:00Z,False,43.0,5.0
-0.109,2022-03-23,-0.25,-0.1,35981.0,False,,2022-03-24T10:00:00Z,False,38.0,6.0
-0.1,2022-03-24,-0.12,-0.07,42912.0,False,,2022-03-25T10:00:00Z,False,56.0,7.0
-0.1,2022-03-25,-0.12,-0.07,42054.0,False,,2022-03-28T09:00:00Z,False,53.0,6.0
-0.107,2022-03-28,-0.15,-0.1,45811.0,False,,2022-03-29T09:00:00Z,False,49.0,4.0
-0.107,2022-03-29,-0.15,-0.1,39576.0,False,,2022-03-30T09:00:00Z,False,47.0,4.0
-0.108,2022-03-30,-0.16,-0.1,35005.0,False,,2022-03-31T09:00:00Z,False,45.0,5.0
-0.106,2022-03-31,-0.2,-0.1,38552.0,False,,2022-04-01T09:00:00Z,False,46.0,5.0
-0.108,2022-04-01,-0.17,-0.1,36345.0,False,,2022-04-04T09:00:00Z,False,38.0,5.0
-0.106,2022-04-04,-0.16,-0.1,36380.0,False,,2022-04-05T09:00:00Z,False,43.0,5.0
-0.11,2022-04-05,-0.2,0.0,35742.0,False,,2022-04-06T09:00:00Z,False,40.0,6.0
-0.118,2022-04-06,-0.2,-0.07,39728.0,False,,2022-04-07T09:00:00Z,False,43.0,6.0
-0.106,2022-04-07,-0.2,-0.07,39811.0,False,,2022-04-08T09:00:00Z,False,38.0,5.0
-0.108,2022-04-08,-0.2,-0.07,38096.0,False,,2022-04-11T09:00:00Z,False,35.0,5.0
-0.11,2022-04-11,-0.2,-0.1,38863.0,False,,2022-04-12T09:00:00Z,False,39.0,6.0
-0.106,2022-04-12,-0.15,-0.1,44534.0,False,,2022-04-13T09:00:00Z,False,41.0,5.0
-0.115,2022-04-13,-0.2,-0.1,31702.0,False,,2022-04-14T09:00:00Z,False,37.0,5.0
-0.109,2022-04-14,-0.2,-0.1,31674.0,False,,2022-04-19T09:00:00Z,False,38.0,4.0
-0.106,2022-04-19,-0.18,-0.07,45000.0,False,,2022-04-20T09:00:00Z,False,41.0,6.0
-0.103,2022-04-20,-0.15,-0.1,47629.0,False,,2022-04-21T09:00:00Z,False,39.0,6.0
-0.1,2022-04-21,-0.1,-0.1,46943.0,False,,2022-04-22T09:00:00Z,False,39.0,6.0
-0.101,2022-04-22,-0.2,-0.07,38558.0,False,,2022-04-25T09:00:00Z,False,53.0,5.0
-0.104,2022-04-25,-0.18,-0.07,40753.0,False,,2022-04-26T09:00:00Z,False,54.0,5.0
-0.108,2022-04-26,-0.17,-0.07,43559.0,False,,2022-04-27T09:00:00Z,False,56.0,6.0
-0.106,2022-04-27,-0.2,-0.1,38264.0,False,,2022-04-28T09:00:00Z,False,47.0,5.0
-0.104,2022-04-28,-0.15,-0.1,36107.0,False,,2022-04-29T09:00:00Z,False,44.0,4.0
-0.106,2022-04-29,-0.15,-0.1,35275.0,False,,2022-05-02T09:00:00Z,False,46.0,6.0
-0.105,2022-05-02,-0.2,-0.1,49527.0,False,,2022-05-03T09:00:00Z,False,47.0,6.0
-0.109,2022-05-03,-0.2,-0.1,44310.0,False,,2022-05-04T09:00:00Z,False,46.0,6.0
0.14,2022-05-04,0.1,0.15,44865.0,False,,2022-05-05T09:00:00Z,False,46.0,6.0
0.141,2022-05-05,0.1,0.15,50133.0,False,,2022-05-06T09:00:00Z,False,46.0,7.0
0.143,2022-05-06,0.1,0.15,58187.0,False,,2022-05-09T09:00:00Z,False,45.0,6.0
0.14,2022-05-09,0.1,0.15,51490.0,False,,2022-05-10T09:00:00Z,False,56.0,7.0
0.145,2022-05-10,0.1,0.15,62409.0,False,,2022-05-11T09:00:00Z,False,56.0,5.0
0.148,2022-05-11,0.1,0.15,77409.0,False,,2022-05-12T09:00:00Z,False,55.0,5.0
0.149,2022-05-12,0.1,0.15,83315.0,False,,2022-05-13T09:00:00Z,False,50.0,6.0
0.15,2022-05-13,0.15,0.15,76747.0,False,,2022-05-16T09:00:00Z,False,45.0,5.0
0.149,2022-05-16,0.13,0.15,78378.0,False,,2022-05-17T09:00:00Z,False,48.0,5.0
0.149,2022-05-17,0.11,0.15,91146.0,False,,2022-05-18T09:00:00Z,False,51.0,6.0
0.149,2022-05-18,0.13,0.15,81475.0,False,,2022-05-19T09:00:00Z,False,47.0,5.0
0.15,2022-05-19,0.15,0.15,79703.0,False,,2022-05-20T09:00:00Z,False,47.0,7.0
0.149,2022-05-20,0.13,0.15,82199.0,False,,2022-05-23T09:00:00Z,False,49.0,6.0
0.15,2022-05-23,0.13,0.15,49082.0,False,,2022-05-24T09:00:00Z,False,50.0,6.0
0.143,2022-05-24,0.1,0.15,49522.0,False,,2022-05-25T09:00:00Z,False,66.0,7.0
0.145,2022-05-25,0.1,0.15,47006.0,False,,2022-05-27T09:00:00Z,False,61.0,5.0
0.146,2022-05-27,0.1,0.15,67352.0,False,,2022-05-30T09:00:00Z,False,63.0,6.0
0.147,2022-05-30,0.1,0.15,66086.0,False,,2022-05-31T09:00:00Z,False,61.0,6.0
0.145,2022-05-31,0.1,0.15,68406.0,False,,2022-06-01T09:00:00Z,False,54.0,4.0
0.144,2022-06-01,0.1,0.15,53901.0,False,,2022-06-02T09:00:00Z,False,55.0,7.0
0.145,2022-06-02,0.1,0.15,51145.0,False,,2022-06-03T09:00:00Z,False,48.0,6.0
0.143,2022-06-03,0.1,0.15,54012.0,False,,2022-06-07T09:00:00Z,False,53.0,7.0
0.146,2022-06-07,0.1,0.15,54130.0,False,,2022-06-08T09:00:00Z,False,52.0,6.0
0.148,2022-06-08,0.1,0.15,49146.0,False,,2022-06-09T09:00:00Z,False,51.0,5.0
0.147,2022-06-09,0.1,0.15,46362.0,False,,2022-06-10T09:00:00Z,False,46.0,5.0
0.144,2022-06-10,0.1,0.15,50560.0,False,,2022-06-13T09:00:00Z,False,54.0,5.0
0.144,2022-06-13,0.1,0.15,58229.0,False,,2022-06-14T09:00:00Z,False,51.0,5.0
0.148,2022-06-14,0.13,0.15,53887.0,False,,2022-06-15T09:00:00Z,False,51.0,4.0
0.146,2022-06-15,0.1,0.15,64813.0,False,,2022-06-16T09:00:00Z,False,49.0,4.0
0.143,2022-06-16,0.1,0.15,61445.0,False,,2022-06-17T09:00:00Z,False,45.0,5.0
0.145,2022-06-17,0.13,0.15,66606.0,False,,2022-06-20T09:00:00Z,False,51.0,6.0
0.145,2022-06-20,0.1,0.15,70183.0,False,,2022-06-21T09:00:00Z,False,55.0,7.0
0.145,2022-06-21,0.13,0.15,69545.0,False,,2022-06-22T09:00:00Z,False,52.0,6.0
0.146,2022-06-22,0.1,0.15,67412.0,False,,2022-06-23T09:00:00Z,False,61.0,5.0
0.148,2022-06-23,0.1,0.15,64770.0,False,,2022-06-27T09:00:00Z,False,70.0,4.0
0.147,2022-06-27,0.1,0.15,56836.0,False,,2022-06-28T09:00:00Z,False,64.0,4.0
0.145,2022-06-28,0.1,0.15,54407.0,False,,2022-06-29T09:00:00Z,False,61.0,4.0
0.145,2022-06-29,0.1,0.15,57565.0,False,,2022-06-30T09:00:00Z,False,60.0,6.0
0.149,2022-06-30,0.12,0.15,52122.0,False,,2022-07-01T09:00:00Z,False,59.0,5.0
0.143,2022-07-01,0.1,0.15,60120.0,False,,2022-07-04T09:00:00Z,False,56.0,6.0
0.142,2022-07-04,0.1,0.15,57315.0,False,,2022-07-05T09:00:00Z,False,60.0,5.0
0.147,2022-07-05,0.1,0.15,51061.0,False,,2022-07-06T09:00:00Z,False,47.0,4.0
0.643,2022-07-06,0.6,0.65,52531.0,False,,2022-07-07T09:00:00Z,False,48.0,4.0
0.645,2022-07-07,0.6,0.65,51952.0,False,,2022-07-08T09:00:00Z,False,51.0,5.0
0.645,2022-07-08,0.6,0.65,50448.0,False,,2022-07-11T09:00:00Z,False,56.0,4.0
0.638,2022-07-11,0.6,0.65,58359.0,False,,2022-07-12T09:00:00Z,False,57.0,4.0
0.651,2022-07-12,0.65,0.75,48046.0,False,,2022-07-13T09:00:00Z,False,29.0,3.0
0.641,2022-07-13,0.6,0.65,50445.0,False,,2022-07-14T09:00:00Z,False,51.0,5.0
0.644,2022-07-14,0.6,0.7,55574.0,False,,2022-07-15T09:00:00Z,False,55.0,6.0
0.656,2022-07-15,0.6,0.7,61809.0,False,,2022-07-18T09:00:00Z,False,54.0,5.0
0.649,2022-07-18,0.6,0.7,53739.0,False,,2022-07-19T09:00:00Z,False,55.0,5.0
0.642,2022-07-19,0.6,0.65,53613.0,False,,2022-07-20T09:00:00Z,False,60.0,6.0
0.642,2022-07-20,0.6,0.65,55416.0,False,,2022-07-21T09:00:00Z,False,58.0,6.0
0.644,2022-07-21,0.6,0.65,55776.0,False,,2022-07-22T09:00:00Z,False,60.0,6.0
0.648,2022-07-22,0.6,0.7,65292.0,False,,2022-07-25T09:00:00Z,False,72.0,6.0
0.653,2022-07-25,0.6,0.7,70411.0,False,,2022-07-26T09:00:00Z,False,71.0,6.0
0.645,2022-07-26,0.6,0.65,57685.0,False,,2022-07-27T09:00:00Z,False,64.0,4.0
0.643,2022-07-27,0.6,0.65,59161.0,False,,2022-07-28T09:00:00Z,False,61.0,4.0
0.645,2022-07-28,0.6,0.7,54098.0,False,,2022-07-29T09:00:00Z,False,58.0,4.0
0.654,2022-07-29,0.6,0.7,59106.0,False,,2022-08-01T09:00:00Z,False,61.0,4.0
0.648,2022-08-01,0.6,0.7,52282.0,False,,2022-08-02T09:00:00Z,False,57.0,4.0
0.648,2022-08-02,0.6,0.7,52437.0,False,,2022-08-03T09:00:00Z,False,52.0,5.0
0.649,2022-08-03,0.6,0.7,54312.0,False,,2022-08-04T09:00:00Z,False,55.0,5.0
0.651,2022-08-04,0.6,0.7,50481.0,False,,2022-08-05T09:00:00Z,False,48.0,4.0
0.656,2022-08-05,0.6,0.7,56748.0,False,,2022-08-08T09:00:00Z,False,52.0,4.0
0.647,2022-08-08,0.6,0.7,46246.0,False,,2022-08-09T09:00:00Z,False,48.0,4.0
0.648,2022-08-09,0.6,0.7,46349.0,False,,2022-08-10T09:00:00Z,False,48.0,6.0
0.647,2022-08-10,0.6,0.7,44247.0,False,,2022-08-11T09:00:00Z,False,52.0,6.0
0.647,2022-08-11,0.6,0.7,43762.0,False,,2022-08-12T09:00:00Z,False,52.0,6.0
0.642,2022-08-12,0.6,0.7,56248.0,False,,2022-08-15T09:00:00Z,False,50.0,5.0
0.645,2022-08-15,0.6,0.7,51119.0,False,,2022-08-16T09:00:00Z,False,50.0,5.0
0.644,2022-08-16,0.6,0.7,57547.0,False,,2022-08-17T09:00:00Z,False,55.0,5.0
0.646,2022-08-17,0.6,0.65,64743.0,False,,2022-08-18T09:00:00Z,False,59.0,5.0
0.645,2022-08-18,0.6,0.65,68925.0,False,,2022-08-19T09:00:00Z,False,58.0,5.0
0.644,2022-08-19,0.6,0.65,70498.0,False,,2022-08-22T09:00:00Z,False,59.0,6.0
0.642,2022-08-22,0.6,0.65,73954.0,False,,2022-08-23T09:00:00Z,False,58.0,6.0
0.639,2022-08-23,0.6,0.7,54585.0,False,,2022-08-24T09:00:00Z,False,58.0,5.0
0.637,2022-08-24,0.6,0.65,60501.0,False,,2022-08-25T09:00:00Z,False,71.0,6.0
0.639,2022-08-25,0.6,0.7,60185.0,False,,2022-08-26T09:00:00Z,False,71.0,6.0
0.661,2022-08-26,0.6,0.75,69740.0,False,,2022-08-29T09:00:00Z,False,72.0,7.0
0.646,2022-08-29,0.6,0.7,57400.0,False,,2022-08-30T09:00:00Z,False,68.0,7.0
0.638,2022-08-30,0.6,0.65,58151.0,False,,2022-08-31T09:00:00Z,False,59.0,5.0
0.638,2022-08-31,0.6,0.7,59244.0,False,,2022-09-01T09:00:00Z,False,65.0,5.0
0.639,2022-09-01,0.6,0.65,53183.0,False,,2022-09-02T09:00:00Z,False,58.0,5.0
0.637,2022-09-02,0.6,0.65,52811.0,False,,2022-09-05T09:00:00Z,False,57.0,5.0
0.633,2022-09-05,0.6,0.65,58929.0,False,,2022-09-06T09:00:00Z,False,58.0,5.0
0.64,2022-09-06,0.6,0.65,48882.0,False,,2022-09-07T09:00:00Z,False,52.0,5.0
0.641,2022-09-07,0.6,0.65,48363.0,False,,2022-09-08T09:00:00Z,False,54.0,5.0
0.642,2022-09-08,0.6,0.7,48516.0,False,,2022-09-09T09:00:00Z,False,56.0,5.0
0.642,2022-09-09,0.6,0.65,49975.0,False,,2022-09-12T09:00:00Z,False,53.0,5.0
0.647,2022-09-12,0.6,0.65,64142.0,False,,2022-09-13T09:00:00Z,False,59.0,5.0
0.646,2022-09-13,0.6,0.65,64109.0,False,,2022-09-14T09:00:00Z,False,52.0,5.0
0.648,2022-09-14,0.6,0.65,73137.0,False,,2022-09-15T09:00:00Z,False,52.0,5.0
0.648,2022-09-15,0.6,0.65,68962.0,False,,2022-09-16T09:00:00Z,False,53.0,5.0
0.645,2022-09-16,0.6,0.65,59899.0,False,,2022-09-19T09:00:00Z,False,55.0,5.0
0.647,2022-09-19,0.6,0.65,52491.0,False,,2022-09-20T09:00:00Z,False,56.0,4.0
0.642,2022-09-20,0.6,0.65,61520.0,False,,2022-09-21T09:00:00Z,False,60.0,5.0
1.64,2022-09-21,1.6,1.65,80912.0,False,,2022-09-22T09:00:00Z,False,67.0,7.0
1.638,2022-09-22,1.6,1.65,68097.0,False,,2022-09-23T09:00:00Z,False,83.0,5.0
1.639,2022-09-23,1.6,1.65,68091.0,False,,2022-09-26T09:00:00Z,False,88.0,5.0
1.641,2022-09-26,1.6,1.65,59599.0,False,,2022-09-27T09:00:00Z,False,83.0,6.0
1.643,2022-09-27,1.6,1.65,57558.0,False,,2022-09-28T09:00:00Z,False,80.0,7.0
1.643,2022-09-28,1.6,1.65,58067.0,False,,2022-09-29T09:00:00Z,False,71.0,6.0
1.639,2022-09-29,1.6,1.65,58214.0,False,,2022-09-30T09:00:00Z,False,74.0,5.0
1.645,2022-09-30,1.6,1.7,62905.0,False,,2022-10-03T09:00:00Z,False,66.0,5.0
1.642,2022-10-03,1.6,1.65,50485.0,False,,2022-10-04T09:00:00Z,False,70.0,5.0
1.646,2022-10-04,1.6,1.7,53644.0,False,,2022-10-05T09:00:00Z,False,63.0,4.0
1.635,2022-10-05,1.6,1.65,49776.0,False,,2022-10-06T09:00:00Z,False,69.0,5.0
1.636,2022-10-06,1.6,1.65,48608.0,False,,2022-10-07T09:00:00Z,False,63.0,4.0
1.634,2022-10-07,1.59,1.65,51321.0,False,,2022-10-10T09:00:00Z,False,68.0,5.0
1.634,2022-10-10,1.6,1.65,51458.0,False,,2022-10-11T09:00:00Z,False,64.0,5.0
1.64,2022-10-11,1.6,1.65,74289.0,False,,2022-10-12T09:00:00Z,False,66.0,5.0
1.635,2022-10-12,1.6,1.65,56723.0,False,,2022-10-13T09:00:00Z,False,69.0,4.0
1.635,2022-10-13,1.6,1.65,53629.0,False,,2022-10-14T09:00:00Z,False,62.0,4.0
1.634,2022-10-14,1.6,1.65,61286.0,False,,2022-10-17T09:00:00Z,False,68.0,4.0
1.635,2022-10-17,1.6,1.65,67325.0,False,,2022-10-18T09:00:00Z,False,70.0,5.0
1.638,2022-10-18,1.6,1.65,53683.0,False,,2022-10-19T09:00:00Z,False,69.0,5.0
1.642,2022-10-19,1.6,1.65,59714.0,False,,2022-10-20T09:00:00Z,False,66.0,4.0
1.634,2022-10-20,1.6,1.65,62727.0,False,,2022-10-21T09:00:00Z,False,78.0,4.0
1.639,2022-10-21,1.6,1.65,54835.0,False,,2022-10-24T09:00:00Z,False,74.0,5.0
1.638,2022-10-24,1.6,1.65,58885.0,False,,2022-10-25T09:00:00Z,False,82.0,6.0
1.638,2022-10-25,1.6,1.65,58319.0,False,,2022-10-26T09:00:00Z,False,84.0,5.0
1.642,2022-10-26,1.6,1.65,53135.0,False,,2022-10-27T09:00:00Z,False,75.0,5.0
1.64,2022-10-27,1.6,1.65,54478.0,False,,2022-10-28T09:00:00Z,False,77.0,4.0
1.639,2022-10-28,1.6,1.65,56530.0,False,,2022-10-31T10:00:00Z,False,80.0,4.0
1.638,2022-10-31,1.6,1.65,59180.0,False,,2022-11-01T10:00:00Z,False,78.0,5.0
1.633,2022-11-01,1.6,1.65,51449.0,False,,2022-11-02T10:00:00Z,False,71.0,5.0
1.634,2022-11-02,1.6,1.65,56212.0,False,,2022-11-03T10:00:00Z,False,78.0,6.0
1.634,2022-11-03,1.6,1.65,57116.0,False,,2022-11-04T10:00:00Z,False,73.0,5.0
1.635,2022-11-04,1.6,1.65,58200.0,False,,2022-11-07T10:00:00Z,False,76.0,4.0
1.639,2022-11-07,1.6,1.68,54093.0,False,,2022-11-08T10:00:00Z,False,73.0,6.0
1.641,2022-11-08,1.6,1.68,47948.0,False,,2022-11-09T10:00:00Z,False,76.0,6.0
1.647,2022-11-09,1.6,1.7,46450.0,False,,2022-11-10T10:00:00Z,False,70.0,6.0
1.642,2022-11-10,1.6,1.7,46084.0,False,,2022-11-11T10:00:00Z,False,69.0,5.0
1.633,2022-11-11,1.6,1.65,65515.0,False,,2022-11-14T10:00:00Z,False,69.0,6.0
1.642,2022-11-14,1.6,1.65,78009.0,False,,2022-11-15T10:00:00Z,False,74.0,6.0
1.641,2022-11-15,1.6,1.65,80298.0,False,,2022-11-16T10:00:00Z,False,74.0,7.0
1.635,2022-11-16,1.6,1.65,78963.0,False,,2022-11-17T10:00:00Z,False,76.0,6.0
1.64,2022-11-17,1.6,1.65,84467.0,False,,2022-11-18T10:00:00Z,False,79.0,6.0
1.636,2022-11-18,1.6,1.65,70635.0,False,,2022-11-21T10:00:00Z,False,82.0,6.0
1.632,2022-11-21,1.6,1.65,75270.0,False,,2022-11-22T10:00:00Z,False,77.0,6.0
1.636,2022-11-22,1.6,1.65,70994.0,False,,2022-11-23T10:00:00Z,False,78.0,6.0
1.633,2022-11-23,1.6,1.65,62243.0,False,,2022-11-24T10:00:00Z,False,83.0,6.0
1.635,2022-11-24,1.6,1.65,66582.0,False,,2022-11-25T10:00:00Z,False,89.0,6.0
1.637,2022-11-25,1.6,1.65,68096.0,False,,2022-11-28T10:00:00Z,False,91.0,6.0
1.642,2022-11-28,1.6,1.65,72044.0,False,,2022-11-29T10:00:00Z,False,83.0,5.0
1.643,2022-11-29,1.6,1.65,77156.0,False,,2022-11-30T10:00:00Z,False,81.0,6.0
2.378,2022-11-30,2.3,2.4,78918.0,False,,2022-12-01T10:00:00Z,False,82.0,5.0
2.371,2022-12-01,2.3,2.4,66028.0,False,,2022-12-02T10:00:00Z,False,77.0,5.0
2.376,2022-12-02,2.3,2.4,60108.0,False,,2022-12-05T10:00:00Z,False,76.0,5.0
2.373,2022-12-05,2.3,2.4,64492.0,False,,2022-12-06T10:00:00Z,False,77.0,5.0
2.381,2022-12-06,2.3,2.4,61118.0,False,,2022-12-07T10:00:00Z,False,75.0,5.0
2.373,2022-12-07,2.3,2.4,63078.0,False,,2022-12-08T10:00:00Z,False,74.0,5.0
2.372,2022-12-08,2.3,2.4,65092.0,False,,2022-12-09T10:00:00Z,False,78.0,5.0
2.373,2022-12-09,2.3,2.4,64714.0,False,,2022-12-12T10:00:00Z,False,78.0,5.0
2.376,2022-12-12,2.3,2.4,83731.0,False,,2022-12-13T10:00:00Z,False,76.0,5.0
2.371,2022-12-13,2.3,2.4,68911.0,False,,2022-12-14T10:00:00Z,False,71.0,5.0
2.377,2022-12-14,2.3,2.4,61196.0,False,,2022-12-15T10:00:00Z,False,75.0,5.0
2.382,2022-12-15,2.3,2.4,60631.0,False,,2022-12-16T10:00:00Z,False,76.0,6.0
2.38,2022-12-16,2.3,2.4,63181.0,False,,2022-12-19T10:00:00Z,False,81.0,6.0
2.381,2022-12-19,2.3,2.4,60271.0,False,,2022-12-20T10:00:00Z,False,76.0,6.0
2.375,2022-12-20,2.3,2.4,50131.0,False,,2022-12-21T10:00:00Z,False,78.0,6.0
2.366,2022-12-21,2.29,2.4,64450.0,False,,2022-12-22T10:00:00Z,False,81.0,4.0
2.378,2022-12-22,2.3,2.4,59483.0,False,,2022-12-23T10:00:00Z,False,87.0,4.0
2.375,2022-12-23,2.3,2.4,60756.0,False,,2022-12-27T10:00:00Z,False,87.0,5.0
2.379,2022-12-27,2.3,2.4,49942.0,False,,2022-12-28T10:00:00Z,False,72.0,5.0
2.376,2022-12-28,2.3,2.4,46595.0,False,,2022-12-29T10:00:00Z,False,74.0,6.0
2.375,2022-12-29,2.3,2.4,43183.0,False,,2022-12-30T10:00:00Z,False,68.0,5.0
-9.038,2022-12-30,-11.0,-7.2,17073.0,False,,2023-01-02T10:00:00Z,False,24.0,3.0
2.372,2023-01-02,2.3,2.4,30518.0,False,,2023-01-03T10:00:00Z,False,55.0,4.0
2.373,2023-01-03,2.3,2.4,34807.0,False,,2023-01-04T10:00:00Z,False,62.0,5.0
2.383,2023-01-04,2.3,2.4,37830.0,False,,2023-01-05T10:00:00Z,False,71.0,5.0
2.379,2023-01-05,2.3,2.4,42811.0,False,,2023-01-09T10:00:00Z,False,72.0,5.0
2.384,2023-01-09,2.3,2.4,48407.0,False,,2023-01-10T10:00:00Z,False,75.0,4.0
2.383,2023-01-10,2.3,2.4,49310.0,False,,2023-01-11T10:00:00Z,False,69.0,4.0
2.385,2023-01-11,2.3,2.4,51351.0,False,,2023-01-12T10:00:00Z,False,73.0,4.0
2.388,2023-01-12,2.3,2.4,51440.0,False,,2023-01-13T10:00:00Z,False,77.0,6.0
2.38,2023-01-13,2.3,2.4,55970.0,False,,2023-01-16T10:00:00Z,False,79.0,5.0
2.383,2023-01-16,2.3,2.4,64180.0,False,,2023-01-17T10:00:00Z,False,83.0,5.0
2.396,2023-01-17,2.33,2.4,62965.0,False,,2023-01-18T10:00:00Z,False,78.0,5.0
2.388,2023-01-18,2.3,2.4,58580.0,False,,2023-01-19T10:00:00Z,False,77.0,6.0
2.39,2023-01-19,2.33,2.4,63394.0,False,,2023-01-20T10:00:00Z,False,80.0,6.0
2.39,2023-01-20,2.33,2.4,63229.0,False,,2023-01-23T10:00:00Z,False,79.0,6.0
2.394,2023-01-23,2.35,2.4,65486.0,False,,2023-01-24T10:00:00Z,False,80.0,4.0
2.394,2023-01-24,2.35,2.4,64239.0,False,,2023-01-25T10:00:00Z,False,84.0,5.0
2.394,2023-01-25,,,,True,4,2023-01-26T15:03:00Z,False,,
2.395,2023-01-26,2.35,2.4,67143.0,False,,2023-01-27T10:00:00Z,False,90.0,6.0
2.392,2023-01-27,2.35,2.4,51444.0,False,,2023-01-30T10:00:00Z,False,85.0,4.0
2.393,2023-01-30,2.35,2.4,57096.0,False,,2023-01-31T10:00:00Z,False,82.0,5.0
2.395,2023-01-31,2.35,2.4,63391.0,False,,2023-02-01T10:00:00Z,False,75.0,7.0
2.397,2023-02-01,2.35,2.45,64227.0,False,,2023-02-02T10:00:00Z,False,81.0,6.0
2.394,2023-02-02,2.35,2.4,58790.0,False,,2023-02-03T10:00:00Z,False,76.0,5.0
2.394,2023-02-03,2.33,2.4,59367.0,False,,2023-02-06T10:00:00Z,False,76.0,5.0
2.375,2023-02-06,2.3,2.4,62502.0,False,,2023-02-07T10:00:00Z,False,79.0,5.0
2.389,2023-02-07,2.3,2.4,65284.0,False,,2023-02-08T10:00:00Z,False,77.0,4.0
2.384,2023-02-08,2.3,2.4,65258.0,False,,2023-02-09T10:00:00Z,False,78.0,4.0
2.384,2023-02-09,2.3,2.4,61902.0,False,,2023-02-10T10:00:00Z,False,78.0,4.0
2.387,2023-02-10,2.3,2.43,64843.0,False,,2023-02-13T10:00:00Z,False,82.0,5.0
2.397,2023-02-13,2.35,2.4,97083.0,False,,2023-02-14T10:00:00Z,False,87.0,7.0
2.393,2023-02-14,2.32,2.4,101192.0,False,,2023-02-15T10:00:00Z,False,82.0,7.0
2.891,2023-02-15,2.82,2.95,65257.0,False,,2023-02-16T10:00:00Z,False,78.0,6.0
2.891,2023-02-16,2.85,2.95,61170.0,False,,2023-02-17T10:00:00Z,False,73.0,5.0
2.894,2023-02-17,2.85,2.95,67927.0,False,,2023-02-20T10:00:00Z,False,79.0,5.0
2.893,2023-02-20,2.82,2.95,55243.0,False,,2023-02-21T10:00:00Z,False,78.0,4.0
2.903,2023-02-21,2.85,2.95,60751.0,False,,2023-02-22T10:00:00Z,False,55.0,4.0
2.899,2023-02-22,2.85,2.9,96786.0,False,,2023-02-23T10:00:00Z,False,84.0,6.0
2.899,2023-02-23,2.85,2.95,70734.0,False,,2023-02-24T10:00:00Z,False,91.0,6.0
2.899,2023-02-24,2.85,2.95,71080.0,False,,2023-02-27T10:00:00Z,False,89.0,5.0
2.898,2023-02-27,2.85,2.93,71813.0,False,,2023-02-28T10:00:00Z,False,91.0,6.0
2.897,2023-02-28,2.85,2.9,64738.0,False,,2023-03-01T10:00:00Z,False,83.0,5.0
2.896,2023-03-01,2.84,2.95,60732.0,False,,2023-03-02T10:00:00Z,False,83.0,5.0
2.897,2023-03-02,2.85,2.95,58850.0,False,,2023-03-03T10:00:00Z,False,83.0,5.0
2.897,2023-03-03,2.85,2.95,56563.0,False,,2023-03-06T10:00:00Z,False,81.0,6.0
2.893,2023-03-06,2.85,2.9,49233.0,False,,2023-03-07T10:00:00Z,False,83.0,6.0
2.892,2023-03-07,2.84,2.9,46167.0,False,,2023-03-08T10:00:00Z,False,80.0,5.0
2.896,2023-03-08,2.85,2.9,51838.0,False,,2023-03-09T10:00:00Z,False,78.0,4.0
2.893,2023-03-09,2.85,2.9,48881.0,False,,2023-03-10T10:00:00Z,False,85.0,5.0
2.907,2023-03-10,2.85,3.0,59481.0,False,,2023-03-13T10:00:00Z,False,82.0,5.0
2.897,2023-03-13,2.85,2.9,51672.0,False,,2023-03-14T10:00:00Z,False,78.0,5.0
2.896,2023-03-14,2.85,2.9,56661.0,False,,2023-03-15T10:00:00Z,False,76.0,6.0
2.896,2023-03-15,2.85,2.9,75749.0,False,,2023-03-16T10:00:00Z,False,81.0,5.0
2.896,2023-03-16,2.85,2.9,76059.0,False,,2023-03-17T10:00:00Z,False,83.0,5.0
2.894,2023-03-17,2.85,2.9,66255.0,False,,2023-03-20T10:00:00Z,False,87.0,5.0
2.892,2023-03-20,2.85,2.9,69733.0,False,,2023-03-21T10:00:00Z,False,79.0,4.0
2.893,2023-03-21,2.84,2.9,66629.0,False,,2023-03-22T10:00:00Z,False,82.0,5.0
2.896,2023-03-22,2.85,2.9,84840.0,False,,2023-03-23T10:00:00Z,False,86.0,6.0
2.89,2023-03-23,2.84,2.9,65992.0,False,,2023-03-24T10:00:00Z,False,95.0,6.0
2.893,2023-03-24,2.82,2.9,69014.0,False,,2023-03-27T09:00:00Z,False,102.0,6.0
2.89,2023-03-27,2.82,2.9,69162.0,False,,2023-03-28T09:00:00Z,False,96.0,5.0
2.89,2023-03-28,2.82,2.9,67237.0,False,,2023-03-29T09:00:00Z,False,92.0,6.0
2.889,2023-03-29,2.82,2.9,60493.0,False,,2023-03-30T09:00:00Z,False,88.0,5.0
2.889,2023-03-30,2.83,2.9,54543.0,False,,2023-03-31T09:00:00Z,False,83.0,4.0
2.876,2023-03-31,2.8,2.9,53001.0,False,,2023-04-03T09:00:00Z,False,81.0,4.0
2.883,2023-04-03,2.8,2.9,56993.0,False,,2023-04-04T09:00:00Z,False,81.0,5.0
2.89,2023-04-04,2.8,2.9,46635.0,False,,2023-04-05T09:00:00Z,False,89.0,5.0
2.888,2023-04-05,2.82,2.9,49260.0,False,,2023-04-06T09:00:00Z,False,85.0,6.0
2.891,2023-04-06,2.82,2.9,47789.0,False,,2023-04-11T09:00:00Z,False,83.0,5.0
2.89,2023-04-11,2.84,2.9,39122.0,False,,2023-04-12T09:00:00Z,False,76.0,5.0
2.889,2023-04-12,2.82,2.9,44095.0,False,,2023-04-13T09:00:00Z,False,82.0,4.0
2.89,2023-04-13,2.8,2.9,51554.0,False,,2023-04-14T09:00:00Z,False,85.0,5.0
2.893,2023-04-14,2.82,2.9,53795.0,False,,2023-04-17T09:00:00Z,False,84.0,5.0
2.895,2023-04-17,2.85,2.9,56904.0,False,,2023-04-18T09:00:00Z,False,87.0,6.0
2.895,2023-04-18,2.82,2.9,57062.0,False,,2023-04-19T09:00:00Z,False,90.0,7.0
2.889,2023-04-19,2.82,2.9,58986.0,False,,2023-04-20T09:00:00Z,False,96.0,5.0
2.892,2023-04-20,2.83,2.9,53403.0,False,,2023-04-21T09:00:00Z,False,92.0,7.0
2.894,2023-04-21,2.84,2.9,61049.0,False,,2023-04-24T09:00:00Z,False,97.0,6.0
2.895,2023-04-24,2.85,2.9,64831.0,False,,2023-04-25T09:00:00Z,False,98.0,6.0
2.897,2023-04-25,2.85,2.95,67256.0,False,,2023-04-26T09:00:00Z,False,106.0,6.0
2.895,2023-04-26,2.85,2.9,59451.0,False,,2023-04-27T09:00:00Z,False,100.0,6.0
2.898,2023-04-27,2.85,2.9,60361.0,False,,2023-04-28T09:00:00Z,False,98.0,6.0
2.9,2023-04-28,2.89,2.9,53829.0,False,,2023-05-02T07:00:00Z,False,89.0,6.0
2.897,2023-05-02,2.85,2.9,58867.0,False,,2023-05-03T07:00:00Z,False,89.0,5.0
3.383,2023-05-03,3.3,3.4,57858.0,False,,2023-05-04T07:00:00Z,False,89.0,7.0
3.394,2023-05-04,3.34,3.4,53089.0,False,,2023-05-05T07:00:00Z,False,87.0,5.0
3.392,2023-05-05,3.35,3.4,60327.0,False,,2023-05-08T07:00:00Z,False,89.0,5.0
3.39,2023-05-08,3.33,3.4,62005.0,False,,2023-05-09T07:00:00Z,False,94.0,5.0
3.388,2023-05-09,3.33,3.4,57137.0,False,,2023-05-10T07:00:00Z,False,93.0,5.0
3.384,2023-05-10,3.3,3.4,57804.0,False,,2023-05-11T07:00:00Z,False,95.0,5.0
3.386,2023-05-11,3.33,3.4,56768.0,False,,2023-05-12T07:00:00Z,False,95.0,6.0
3.387,2023-05-12,3.33,3.4,51963.0,False,,2023-05-15T07:00:00Z,False,87.0,6.0
3.387,2023-05-15,3.33,3.4,49793.0,False,,2023-05-16T07:00:00Z,False,86.0,7.0
3.388,2023-05-16,3.33,3.4,47498.0,False,,2023-05-17T07:00:00Z,False,86.0,6.0
3.388,2023-05-17,3.3,3.4,49798.0,False,,2023-05-19T07:00:00Z,False,88.0,5.0
3.385,2023-05-19,3.3,3.4,46455.0,False,,2023-05-22T07:00:00Z,False,85.0,6.0
3.387,2023-05-22,3.3,3.4,46914.0,False,,2023-05-23T07:00:00Z,False,94.0,6.0
3.388,2023-05-23,3.3,3.4,42759.0,False,,2023-05-24T07:00:00Z,False,93.0,5.0
3.396,2023-05-24,3.33,3.4,61386.0,False,,2023-05-25T07:00:00Z,False,102.0,6.0
3.4,2023-05-25,3.4,3.4,45686.0,False,,2023-05-26T07:00:00Z,False,81.0,6.0
3.391,2023-05-26,3.3,3.4,58986.0,False,,2023-05-29T07:00:00Z,False,108.0,7.0
3.39,2023-05-29,3.3,3.4,52160.0,False,,2023-05-30T07:00:00Z,False,105.0,6.0
3.39,2023-05-30,3.3,3.4,52301.0,False,,2023-05-31T07:00:00Z,False,106.0,6.0
3.39,2023-05-31,3.35,3.4,56109.0,False,,2023-06-01T07:00:00Z,False,96.0,6.0
3.39,2023-06-01,3.35,3.4,59136.0,False,,2023-06-02T07:00:00Z,False,103.0,5.0
3.39,2023-06-02,3.33,3.4,56075.0,False,,2023-06-05T07:00:00Z,False,106.0,6.0
3.39,2023-06-05,3.33,3.4,51836.0,False,,2023-06-07T07:00:00Z,False,100.0,5.0
3.393,2023-06-07,3.33,3.4,61373.0,False,,2023-06-08T07:00:00Z,False,110.0,6.0
3.389,2023-06-08,3.33,3.4,61282.0,False,,2023-06-09T07:00:00Z,False,109.0,5.0
3.391,2023-06-09,3.33,3.4,58180.0,False,,2023-06-12T07:00:00Z,False,109.0,7.0
3.392,2023-06-12,3.35,3.4,71643.0,False,,2023-06-13T07:00:00Z,False,103.0,6.0
3.393,2023-06-13,3.33,3.4,77863.0,False,,2023-06-14T07:00:00Z,False,113.0,6.0
3.388,2023-06-14,3.33,3.4,54294.0,False,,2023-06-15T07:00:00Z,False,99.0,5.0
3.389,2023-06-15,3.33,3.4,51570.0,False,,2023-06-16T07:00:00Z,False,102.0,5.0
3.388,2023-06-16,3.33,3.4,60316.0,False,,2023-06-19T07:00:00Z,False,115.0,6.0
3.391,2023-06-19,3.34,3.4,58080.0,False,,2023-06-20T07:00:00Z,False,110.0,7.0
3.391,2023-06-20,3.34,3.4,54138.0,False,,2023-06-21T07:00:00Z,False,102.0,7.0
3.388,2023-06-21,3.33,3.4,65341.0,False,,2023-06-22T07:00:00Z,False,106.0,7.0
3.395,2023-06-22,3.34,3.4,57784.0,False,,2023-06-26T07:00:00Z,False,111.0,6.0
3.396,2023-06-26,3.35,3.4,62287.0,False,,2023-06-27T07:00:00Z,False,111.0,6.0
3.396,2023-06-27,3.35,3.4,67667.0,False,,2023-06-28T07:00:00Z,False,112.0,6.0
3.39,2023-06-28,3.33,3.4,57331.0,False,,2023-06-29T07:00:00Z,False,107.0,6.0
3.391,2023-06-29,3.34,3.4,57647.0,False,,2023-06-30T07:00:00Z,False,117.0,6.0
3.392,2023-06-30,3.33,3.4,45983.0,False,,2023-07-03T07:00:00Z,False,87.0,5.0
3.39,2023-07-03,3.33,3.4,56472.0,False,,2023-07-04T07:00:00Z,False,108.0,6.0
3.389,2023-07-04,3.33,3.4,57601.0,False,,2023-07-05T07:00:00Z,False,115.0,6.0
3.637,2023-07-05,3.5,3.65,52621.0,False,,2023-07-06T07:00:00Z,False,113.0,6.0
3.64,2023-07-06,3.55,3.65,50121.0,False,,2023-07-07T07:00:00Z,False,108.0,5.0
3.644,2023-07-07,3.59,3.65,50949.0,False,,2023-07-10T07:00:00Z,False,109.0,5.0
3.644,2023-07-10,3.57,3.65,46943.0,False,,2023-07-11T07:00:00Z,False,100.0,6.0
3.635,2023-07-11,3.55,3.65,52700.0,False,,2023-07-12T07:00:00Z,False,106.0,6.0
3.637,2023-07-12,3.55,3.65,45895.0,False,,2023-07-13T07:00:00Z,False,102.0,6.0
3.641,2023-07-13,3.55,3.65,43352.0,False,,2023-07-14T07:00:00Z,False,104.0,6.0
3.64,2023-07-14,3.55,3.65,53046.0,False,,2023-07-17T07:00:00Z,False,103.0,6.0
3.645,2023-07-17,3.6,3.65,62687.0,False,,2023-07-18T07:00:00Z,False,103.0,7.0
3.644,2023-07-18,3.59,3.65,62339.0,False,,2023-07-19T07:00:00Z,False,105.0,6.0
3.638,2023-07-19,3.55,3.65,53859.0,False,,2023-07-20T07:00:00Z,False,103.0,6.0
3.637,2023-07-20,3.55,3.65,52767.0,False,,2023-07-21T07:00:00Z,False,102.0,6.0
3.643,2023-07-21,3.57,3.65,64225.0,False,,2023-07-24T07:00:00Z,False,109.0,6.0
3.647,2023-07-24,3.6,3.65,63036.0,False,,2023-07-25T07:00:00Z,False,114.0,6.0
3.644,2023-07-25,3.55,3.65,58280.0,False,,2023-07-26T07:00:00Z,False,111.0,6.0
3.646,2023-07-26,3.58,3.65,56061.0,False,,2023-07-27T07:00:00Z,False,114.0,6.0
3.645,2023-07-27,3.6,3.65,56337.0,False,,2023-07-28T07:00:00Z,False,116.0,5.0
3.645,2023-07-28,3.57,3.65,52517.0,False,,2023-07-31T07:00:00Z,False,117.0,5.0
3.645,2023-07-31,3.58,3.65,52676.0,False,,2023-08-01T07:00:00Z,False,101.0,5.0
3.644,2023-08-01,3.59,3.65,40059.0,False,,2023-08-02T07:00:00Z,False,79.0,4.0
3.642,2023-08-02,3.55,3.65,50501.0,False,,2023-08-03T07:00:00Z,False,110.0,5.0
3.639,2023-08-03,3.55,3.65,50590.0,False,,2023-08-04T07:00:00Z,False,112.0,6.0
3.638,2023-08-04,3.55,3.65,47865.0,False,,2023-08-07T07:00:00Z,False,112.0,6.0
3.636,2023-08-07,3.55,3.65,47566.0,False,,2023-08-08T07:00:00Z,False,107.0,6.0
3.638,2023-08-08,3.55,3.65,51607.0,False,,2023-08-09T07:00:00Z,False,109.0,6.0
3.635,2023-08-09,3.55,3.65,56316.0,False,,2023-08-10T07:00:00Z,False,108.0,6.0
3.638,2023-08-10,3.55,3.65,48090.0,False,,2023-08-11T07:00:00Z,False,109.0,6.0
3.638,2023-08-11,3.55,3.65,49966.0,False,,2023-08-14T07:00:00Z,False,110.0,6.0
3.639,2023-08-14,3.58,3.65,52352.0,False,,2023-08-15T07:00:00Z,False,101.0,6.0
3.639,2023-08-15,3.58,3.65,50400.0,False,,2023-08-16T07:00:00Z,False,105.0,6.0
3.645,2023-08-16,3.59,3.65,52625.0,False,,2023-08-17T07:00:00Z,False,104.0,6.0
3.64,2023-08-17,3.59,3.65,55851.0,False,,2023-08-18T07:00:00Z,False,114.0,6.0
3.647,2023-08-18,3.6,3.7,55582.0,False,,2023-08-21T07:00:00Z,False,113.0,6.0
3.661,2023-08-21,3.6,3.75,65094.0,False,,2023-08-22T07:00:00Z,False,114.0,6.0
3.656,2023-08-22,3.65,3.75,54966.0,False,,2023-08-23T07:00:00Z,False,105.0,5.0
3.641,2023-08-23,3.58,3.65,53469.0,False,,2023-08-24T07:00:00Z,False,109.0,6.0
3.641,2023-08-24,3.58,3.65,58394.0,False,,2023-08-25T07:00:00Z,False,117.0,6.0
3.643,2023-08-25,3.59,3.65,56707.0,False,,2023-08-28T07:00:00Z,False,117.0,6.0
3.641,2023-08-28,3.6,3.65,57449.0,False,,2023-08-29T07:00:00Z,False,123.0,6.0
3.645,2023-08-29,3.58,3.65,50667.0,False,,2023-08-30T07:00:00Z,False,113.0,6.0
3.646,2023-08-30,3.59,3.65,50652.0,False,,2023-08-31T07:00:00Z,False,111.0,6.0
3.645,2023-08-31,3.6,3.65,51022.0,False,,2023-09-01T07:00:00Z,False,99.0,6.0
3.642,2023-09-01,3.59,3.65,53433.0,False,,2023-09-04T07:00:00Z,False,107.0,6.0
3.64,2023-09-04,3.6,3.65,56525.0,False,,2023-09-05T07:00:00Z,False,114.0,7.0
3.642,2023-09-05,3.59,3.65,50576.0,False,,2023-09-06T07:00:00Z,False,109.0,6.0
3.643,2023-09-06,3.58,3.65,50577.0,False,,2023-09-07T07:00:00Z,False,109.0,6.0
3.643,2023-09-07,3.59,3.65,50812.0,False,,2023-09-08T07:00:00Z,False,111.0,6.0
3.639,2023-09-08,3.59,3.65,51718.0,False,,2023-09-11T07:00:00Z,False,117.0,6.0
3.639,2023-09-11,3.58,3.65,47496.0,False,,2023-09-12T07:00:00Z,False,111.0,6.0
3.645,2023-09-12,3.6,3.65,59206.0,False,,2023-09-13T07:00:00Z,False,113.0,6.0
3.644,2023-09-13,3.59,3.65,47246.0,False,,2023-09-14T07:00:00Z,False,111.0,6.0
3.636,2023-09-14,3.55,3.65,54514.0,False,,2023-09-15T07:00:00Z,False,115.0,6.0
3.639,2023-09-15,3.6,3.65,53277.0,False,,2023-09-18T07:00:00Z,False,112.0,6.0
3.638,2023-09-18,3.59,3.65,55192.0,False,,2023-09-19T07:00:00Z,False,106.0,5.0
3.644,2023-09-19,3.6,3.7,61763.0,False,,2023-09-20T07:00:00Z,False,110.0,6.0
3.641,2023-09-20,3.59,3.65,63544.0,False,,2023-09-21T07:00:00Z,False,112.0,6.0
3.646,2023-09-21,3.6,3.65,58362.0,False,,2023-09-22T07:00:00Z,False,111.0,6.0
3.645,2023-09-22,3.6,3.65,64706.0,False,,2023-09-25T07:00:00Z,False,118.0,6.0
3.643,2023-09-25,3.6,3.65,64960.0,False,,2023-09-26T07:00:00Z,False,125.0,6.0
3.644,2023-09-26,3.6,3.65,63700.0,False,,2023-09-27T07:00:00Z,False,127.0,7.0
3.908,2023-09-27,3.85,4.0,67789.0,False,,2023-09-28T07:00:00Z,False,123.0,6.0
3.91,2023-09-28,3.85,4.0,66423.0,False,,2023-09-29T07:00:00Z,False,119.0,6.0
3.898,2023-09-29,3.85,3.9,51416.0,False,,2023-10-02T07:00:00Z,False,96.0,6.0
3.892,2023-10-02,3.85,3.9,62121.0,False,,2023-10-03T07:00:00Z,False,119.0,6.0
3.888,2023-10-03,3.8,3.9,60468.0,False,,2023-10-04T07:00:00Z,False,117.0,6.0
3.888,2023-10-04,3.84,3.9,63462.0,False,,2023-10-05T07:00:00Z,False,115.0,6.0
3.886,2023-10-05,3.84,3.9,58240.0,False,,2023-10-06T07:00:00Z,False,116.0,6.0
3.885,2023-10-06,3.84,3.9,57108.0,False,,2023-10-09T07:00:00Z,False,119.0,5.0
3.883,2023-10-09,3.84,3.9,58476.0,False,,2023-10-10T07:00:00Z,False,124.0,5.0
3.889,2023-10-10,3.84,3.9,60116.0,False,,2023-10-11T07:00:00Z,False,123.0,6.0
3.889,2023-10-11,3.84,3.9,57112.0,False,,2023-10-12T07:00:00Z,False,117.0,6.0
3.885,2023-10-12,3.84,3.9,60134.0,False,,2023-10-13T07:00:00Z,False,115.0,6.0
3.886,2023-10-13,3.84,3.9,58987.0,False,,2023-10-16T07:00:00Z,False,117.0,6.0
3.884,2023-10-16,3.84,3.9,65570.0,False,,2023-10-17T07:00:00Z,False,119.0,6.0
3.885,2023-10-17,3.84,3.9,66134.0,False,,2023-10-18T07:00:00Z,False,123.0,6.0
3.888,2023-10-18,3.85,3.9,62651.0,False,,2023-10-19T07:00:00Z,False,122.0,6.0
3.89,2023-10-19,3.85,3.9,58473.0,False,,2023-10-20T07:00:00Z,False,120.0,6.0
3.888,2023-10-20,3.85,3.9,59165.0,False,,2023-10-23T07:00:00Z,False,108.0,6.0
3.908,2023-10-23,3.85,4.0,69894.0,False,,2023-10-24T07:00:00Z,False,122.0,6.0
3.905,2023-10-24,3.9,3.98,61809.0,False,,2023-10-25T07:00:00Z,False,119.0,7.0
3.897,2023-10-25,3.85,3.9,61911.0,False,,2023-10-26T07:00:00Z,False,127.0,6.0
3.893,2023-10-26,3.85,3.9,71795.0,False,,2023-10-27T07:00:00Z,False,133.0,6.0
3.894,2023-10-27,3.85,3.9,62246.0,False,,2023-10-30T08:00:00Z,False,129.0,6.0
3.891,2023-10-30,3.8,3.9,58659.0,False,,2023-10-31T08:00:00Z,False,128.0,6.0
3.897,2023-10-31,3.85,3.9,67337.0,False,,2023-11-01T08:00:00Z,False,113.0,6.0
3.892,2023-11-01,3.85,3.9,63554.0,False,,2023-11-02T08:00:00Z,False,126.0,6.0
3.892,2023-11-02,3.85,3.9,54464.0,False,,2023-11-03T08:00:00Z,False,117.0,6.0
3.893,2023-11-03,3.85,3.9,56298.0,False,,2023-11-06T08:00:00Z,False,119.0,6.0
3.888,2023-11-06,3.85,3.9,64083.0,False,,2023-11-07T08:00:00Z,False,129.0,6.0
3.889,2023-11-07,3.85,3.9,59042.0,False,,2023-11-08T08:00:00Z,False,127.0,6.0
3.891,2023-11-08,3.85,3.9,56111.0,False,,2023-11-09T08:00:00Z,False,129.0,6.0
3.891,2023-11-09,3.85,3.9,58504.0,False,,2023-11-10T08:00:00Z,False,128.0,6.0
3.892,2023-11-10,3.85,3.9,57988.0,False,,2023-11-13T08:00:00Z,False,123.0,5.0
3.9,2023-11-13,3.9,3.9,53645.0,False,,2023-11-14T08:00:00Z,False,92.0,4.0
3.896,2023-11-14,3.85,3.9,57136.0,False,,2023-11-15T08:00:00Z,False,115.0,6.0
3.894,2023-11-15,3.85,3.9,56531.0,False,,2023-11-16T08:00:00Z,False,122.0,6.0
3.894,2023-11-16,3.85,3.9,61696.0,False,,2023-11-17T08:00:00Z,False,126.0,6.0
3.895,2023-11-17,3.85,3.9,62581.0,False,,2023-11-20T08:00:00Z,False,131.0,6.0
3.897,2023-11-20,3.85,3.9,61059.0,False,,2023-11-21T08:00:00Z,False,128.0,6.0
3.898,2023-11-21,3.85,3.9,62387.0,False,,2023-11-22T08:00:00Z,False,120.0,6.0
3.893,2023-11-22,3.85,3.9,61558.0,False,,2023-11-23T08:00:00Z,False,120.0,5.0
3.898,2023-11-23,3.85,3.9,65940.0,False,,2023-11-24T08:00:00Z,False,120.0,6.0
3.897,2023-11-24,3.85,3.9,62786.0,False,,2023-11-27T08:00:00Z,False,130.0,6.0
3.895,2023-11-27,3.85,3.9,59933.0,False,,2023-11-28T08:00:00Z,False,130.0,5.0
3.895,2023-11-28,3.84,3.9,57616.0,False,,2023-11-29T08:00:00Z,False,126.0,6.0
3.897,2023-11-29,3.85,3.9,60514.0,False,,2023-11-30T08:00:00Z,False,122.0,6.0
3.898,2023-11-30,3.85,3.9,59603.0,False,,2023-12-01T08:00:00Z,False,111.0,7.0
3.896,2023-12-01,3.85,3.9,62236.0,False,,2023-12-04T08:00:00Z,False,123.0,6.0
3.888,2023-12-04,3.85,3.9,55187.0,False,,2023-12-05T08:00:00Z,False,126.0,6.0
3.894,2023-12-05,3.85,3.9,54262.0,False,,2023-12-06T08:00:00Z,False,125.0,6.0
3.896,2023-12-06,3.85,3.9,53417.0,False,,2023-12-07T08:00:00Z,False,123.0,6.0
3.894,2023-12-07,3.85,3.9,53640.0,False,,2023-12-08T08:00:00Z,False,127.0,6.0
3.893,2023-12-08,3.85,3.9,50518.0,False,,2023-12-11T08:00:00Z,False,124.0,6.0
3.902,2023-12-11,3.87,4.0,74682.0,False,,2023-12-12T08:00:00Z,False,126.0,6.0
3.898,2023-12-12,3.85,3.93,54155.0,False,,2023-12-13T08:00:00Z,False,126.0,6.0
3.896,2023-12-13,3.85,3.91,60529.0,False,,2023-12-14T08:00:00Z,False,129.0,6.0
3.897,2023-12-14,3.85,3.93,64500.0,False,,2023-12-15T08:00:00Z,False,125.0,6.0
3.897,2023-12-15,3.85,3.93,54735.0,False,,2023-12-18T08:00:00Z,False,125.0,6.0
3.895,2023-12-18,3.85,3.93,71518.0,False,,2023-12-19T08:00:00Z,False,132.0,6.0
3.898,2023-12-19,3.85,3.93,56997.0,False,,2023-12-20T08:00:00Z,False,126.0,6.0
3.89,2023-12-20,3.85,3.9,55648.0,False,,2023-12-21T08:00:00Z,False,129.0,6.0
3.897,2023-12-21,3.85,3.9,53437.0,False,,2023-12-22T08:00:00Z,False,129.0,6.0
3.895,2023-12-22,3.85,3.9,55711.0,False,,2023-12-27T08:00:00Z,False,132.0,6.0
3.897,2023-12-27,3.85,3.9,52657.0,False,,2023-12-28T08:00:00Z,False,123.0,6.0
3.894,2023-12-28,3.85,3.9,48631.0,False,,2023-12-29T08:00:00Z,False,115.0,6.0
-5.413,2023-12-29,-7.0,-3.95,15448.0,False,,2024-01-02T08:00:00Z,False,50.0,6.0
3.892,2024-01-02,3.82,3.9,47734.0,False,,2024-01-03T08:00:00Z,False,110.0,6.0
3.88,2024-01-03,3.77,3.9,35423.0,False,,2024-01-04T08:00:00Z,False,109.0,6.0
3.878,2024-01-04,3.8,3.9,36297.0,False,,2024-01-05T08:00:00Z,False,118.0,6.0
3.881,2024-01-05,3.8,3.9,35197.0,False,,2024-01-08T08:00:00Z,False,121.0,6.0
3.883,2024-01-08,3.8,3.9,44770.0,False,,2024-01-09T08:00:00Z,False,127.0,6.0
3.886,2024-01-09,3.8,3.9,40472.0,False,,2024-01-10T08:00:00Z,False,128.0,6.0
3.885,2024-01-10,3.8,3.9,40500.0,False,,2024-01-11T08:00:00Z,False,126.0,6.0
3.89,2024-01-11,3.8,3.9,42735.0,False,,2024-01-12T08:00:00Z,False,129.0,6.0
3.887,2024-01-12,3.8,3.9,46020.0,False,,2024-01-15T08:00:00Z,False,124.0,6.0
3.889,2024-01-15,3.85,3.9,52351.0,False,,2024-01-16T08:00:00Z,False,127.0,6.0
3.889,2024-01-16,3.8,3.9,47044.0,False,,2024-01-17T08:00:00Z,False,124.0,6.0
3.892,2024-01-17,3.85,3.9,63539.0,False,,2024-01-18T08:00:00Z,False,128.0,6.0
3.892,2024-01-18,3.85,3.9,55016.0,False,,2024-01-19T08:00:00Z,False,133.0,6.0
3.9,2024-01-19,3.85,4.0,54195.0,False,,2024-01-22T08:00:00Z,False,135.0,6.0
3.888,2024-01-22,3.85,3.9,49800.0,False,,2024-01-23T08:00:00Z,False,134.0,6.0
3.893,2024-01-23,3.85,3.9,48432.0,False,,2024-01-24T08:00:00Z,False,135.0,6.0
3.906,2024-01-24,3.9,4.0,66618.0,False,,2024-01-25T08:00:00Z,False,139.0,6.0
3.898,2024-01-25,3.85,3.9,58516.0,False,,2024-01-26T08:00:00Z,False,142.0,6.0
3.9,2024-01-26,3.9,3.9,55011.0,False,,2024-01-29T08:00:00Z,False,147.0,7.0
3.897,2024-01-29,3.85,3.9,53426.0,False,,2024-01-30T08:00:00Z,False,146.0,6.0
3.9,2024-01-30,3.85,3.94,54123.0,False,,2024-01-31T08:00:00Z,False,140.0,6.0
3.896,2024-01-31,3.85,3.9,50506.0,False,,2024-02-01T08:00:00Z,False,127.0,6.0
3.886,2024-02-01,3.8,3.9,34703.0,False,,2024-02-02T08:00:00Z,False,99.0,5.0
3.897,2024-02-02,3.85,3.9,53630.0,False,,2024-02-05T08:00:00Z,False,130.0,6.0
3.894,2024-02-05,3.85,3.9,51001.0,False,,2024-02-06T08:00:00Z,False,134.0,6.0
3.892,2024-02-06,3.84,3.9,45272.0,False,,2024-02-07T08:00:00Z,False,134.0,6.0
3.895,2024-02-07,3.85,3.9,51820.0,False,,2024-02-08T08:00:00Z,False,135.0,6.0
3.895,2024-02-08,3.85,3.9,50730.0,False,,2024-02-09T08:00:00Z,False,132.0,6.0
3.892,2024-02-09,3.8,3.9,47015.0,False,,2024-02-12T08:00:00Z,False,130.0,6.0
3.897,2024-02-12,3.85,3.9,63205.0,False,,2024-02-13T08:00:00Z,False,131.0,6.0
3.898,2024-02-13,3.85,3.9,64490.0,False,,2024-02-14T08:00:00Z,False,123.0,6.0
3.89,2024-02-14,3.83,3.9,44304.0,False,,2024-02-15T08:00:00Z,False,123.0,6.0
3.89,2024-02-15,3.83,3.9,41992.0,False,,2024-02-16T08:00:00Z,False,125.0,5.0
3.886,2024-02-16,3.84,3.9,48239.0,False,,2024-02-19T08:00:00Z,False,128.0,5.0
3.891,2024-02-19,3.85,3.9,46067.0,False,,2024-02-20T08:00:00Z,False,131.0,5.0
3.892,2024-02-20,3.85,3.9,48491.0,False,,2024-02-21T08:00:00Z,False,136.0,6.0
3.896,2024-02-21,3.85,3.9,60010.0,False,,2024-02-22T08:00:00Z,False,138.0,6.0
3.896,2024-02-22,3.85,3.9,52862.0,False,,2024-02-23T08:00:00Z,False,138.0,6.0
3.895,2024-02-23,3.85,3.9,57998.0,False,,2024-02-26T08:00:00Z,False,136.0,6.0
3.893,2024-02-26,3.85,3.9,61767.0,False,,2024-02-27T08:00:00Z,False,142.0,6.0
3.895,2024-02-27,3.85,3.9,56006.0,False,,2024-02-28T08:00:00Z,False,139.0,6.0
3.893,2024-02-28,3.85,3.9,51387.0,False,,2024-02-29T08:00:00Z,False,140.0,6.0
3.895,2024-02-29,3.85,3.9,50886.0,False,,2024-03-01T08:00:00Z,False,125.0,5.0
3.892,2024-03-01,3.85,3.9,67365.0,False,,2024-03-04T08:00:00Z,False,145.0,6.0
3.891,2024-03-04,3.85,3.9,68190.0,False,,2024-03-05T08:00:00Z,False,143.0,6.0
3.895,2024-03-05,3.85,3.9,66667.0,False,,2024-03-06T08:00:00Z,False,141.0,6.0
3.893,2024-03-06,3.85,3.9,58471.0,False,,2024-03-07T08:00:00Z,False,143.0,6.0
3.892,2024-03-07,3.85,3.9,59391.0,False,,2024-03-08T08:00:00Z,False,141.0,6.0
3.896,2024-03-08,3.85,3.9,52040.0,False,,2024-03-11T08:00:00Z,False,138.0,6.0
3.895,2024-03-11,3.85,3.9,67980.0,False,,2024-03-12T08:00:00Z,False,138.0,6.0
3.893,2024-03-12,3.85,3.9,67832.0,False,,2024-03-13T08:00:00Z,False,133.0,5.0
3.893,2024-03-13,3.84,3.9,49423.0,False,,2024-03-14T08:00:00Z,False,128.0,6.0
3.892,2024-03-14,3.84,3.9,48829.0,False,,2024-03-15T08:00:00Z,False,128.0,6.0
3.891,2024-03-15,3.84,3.9,50106.0,False,,2024-03-18T08:00:00Z,False,128.0,6.0
3.893,2024-03-18,3.84,3.9,49616.0,False,,2024-03-19T08:00:00Z,False,133.0,6.0
3.891,2024-03-19,3.84,3.9,52593.0,False,,2024-03-20T08:00:00Z,False,134.0,6.0
3.895,2024-03-20,3.85,3.9,62277.0,False,,2024-03-21T08:00:00Z,False,141.0,6.0
3.896,2024-03-21,3.84,3.9,60205.0,False,,2024-03-22T08:00:00Z,False,137.0,6.0
3.896,2024-03-22,3.85,3.9,58122.0,False,,2024-03-25T08:00:00Z,False,135.0,6.0
3.896,2024-03-25,3.85,3.9,65879.0,False,,2024-03-26T08:00:00Z,False,142.0,6.0
3.896,2024-03-26,3.85,3.9,65560.0,False,,2024-03-27T08:00:00Z,False,141.0,6.0
3.894,2024-03-27,3.85,3.9,62881.0,False,,2024-03-28T08:00:00Z,False,134.0,6.0
3.895,2024-03-28,3.85,3.9,50052.0,False,,2024-04-02T07:00:00Z,False,118.0,6.0
3.895,2024-04-02,3.85,3.9,72110.0,False,,2024-04-03T07:00:00Z,False,144.0,6.0
3.898,2024-04-03,3.85,3.98,69068.0,False,,2024-04-04T07:00:00Z,False,139.0,6.0
3.89,2024-04-04,3.85,3.9,57195.0,False,,2024-04-05T07:00:00Z,False,138.0,6.0
3.892,2024-04-05,3.85,3.9,53208.0,False,,2024-04-08T07:00:00Z,False,141.0,6.0
3.89,2024-04-08,3.85,3.9,59052.0,False,,2024-04-09T07:00:00Z,False,142.0,6.0
3.889,2024-04-09,3.85,3.9,52942.0,False,,2024-04-10T07:00:00Z,False,138.0,6.0
3.892,2024-04-10,3.85,3.9,65804.0,False,,2024-04-11T07:00:00Z,False,141.0,6.0
3.892,2024-04-11,3.85,3.9,64344.0,False,,2024-04-12T07:00:00Z,False,145.0,6.0
3.892,2024-04-12,3.85,3.9,56398.0,False,,2024-04-15T07:00:00Z,False,143.0,5.0
3.893,2024-04-15,3.85,3.9,58561.0,False,,2024-04-16T07:00:00Z,False,142.0,5.0
3.893,2024-04-16,3.85,3.9,58387.0,False,,2024-04-17T07:00:00Z,False,139.0,5.0
3.89,2024-04-17,3.85,3.9,62363.0,False,,2024-04-18T07:00:00Z,False,141.0,6.0
3.89,2024-04-18,3.84,3.9,60465.0,False,,2024-04-19T07:00:00Z,False,148.0,6.0
3.89,2024-04-19,3.83,3.9,54602.0,False,,2024-04-22T07:00:00Z,False,145.0,6.0
3.87,2024-04-22,3.8,3.9,30629.0,False,,2024-04-23T07:00:00Z,False,102.0,5.0
3.889,2024-04-23,3.85,3.9,58189.0,False,,2024-04-24T07:00:00Z,False,143.0,6.0
3.892,2024-04-24,3.85,3.9,71105.0,False,,2024-04-25T07:00:00Z,False,144.0,6.0
3.892,2024-04-25,3.85,3.9,65691.0,False,,2024-04-26T07:00:00Z,False,143.0,6.0
3.891,2024-04-26,3.85,3.9,65914.0,False,,2024-04-29T07:00:00Z,False,141.0,6.0
3.892,2024-04-29,3.85,3.9,67096.0,False,,2024-04-30T07:00:00Z,False,142.0,6.0
3.895,2024-04-30,3.85,3.9,70354.0,False,,2024-05-02T07:00:00Z,False,131.0,6.0
3.891,2024-05-02,3.83,3.9,69796.0,False,,2024-05-03T07:00:00Z,False,140.0,6.0
3.892,2024-05-03,3.85,3.98,66860.0,False,,2024-05-06T07:00:00Z,False,137.0,6.0
3.89,2024-05-06,3.85,3.9,60455.0,False,,2024-05-07T07:00:00Z,False,141.0,6.0
3.89,2024-05-07,3.85,3.98,62701.0,False,,2024-05-08T07:00:00Z,False,145.0,5.0
3.897,2024-05-08,3.85,3.98,68095.0,False,,2024-05-10T07:00:00Z,False,142.0,6.0
3.889,2024-05-10,3.85,3.9,60402.0,False,,2024-05-13T07:00:00Z,False,140.0,6.0
3.89,2024-05-13,3.85,3.9,60653.0,False,,2024-05-14T07:00:00Z,False,137.0,6.0
3.891,2024-05-14,3.85,3.9,59599.0,False,,2024-05-15T07:00:00Z,False,134.0,6.0
3.639,2024-05-15,3.59,3.65,52819.0,False,,2024-05-16T07:00:00Z,False,144.0,6.0
3.638,2024-05-16,3.59,3.65,51675.0,False,,2024-05-17T07:00:00Z,False,137.0,5.0
3.637,2024-05-17,3.59,3.65,51361.0,False,,2024-05-20T07:00:00Z,False,138.0,5.0
3.637,2024-05-20,3.55,3.65,53037.0,False,,2024-05-21T07:00:00Z,False,141.0,7.0
3.64,2024-05-21,3.6,3.65,49950.0,False,,2024-05-22T07:00:00Z,False,138.0,5.0
3.653,2024-05-22,3.6,3.75,64899.0,False,,2024-05-23T07:00:00Z,False,144.0,6.0
3.646,2024-05-23,3.6,3.65,59847.0,False,,2024-05-24T07:00:00Z,False,142.0,5.0
3.644,2024-05-24,3.6,3.65,68613.0,False,,2024-05-27T07:00:00Z,False,148.0,5.0
3.642,2024-05-27,3.6,3.65,69938.0,False,,2024-05-28T07:00:00Z,False,161.0,6.0
3.643,2024-05-28,3.6,3.65,58586.0,False,,2024-05-29T07:00:00Z,False,151.0,6.0
3.643,2024-05-29,3.58,3.65,59418.0,False,,2024-05-30T07:00:00Z,False,158.0,6.0
3.644,2024-05-30,3.58,3.65,56591.0,False,,2024-05-31T07:00:00Z,False,150.0,5.0
3.644,2024-05-31,3.6,3.65,59462.0,False,,2024-06-03T07:00:00Z,False,131.0,6.0
3.641,2024-06-03,3.6,3.65,63914.0,False,,2024-06-04T07:00:00Z,False,150.0,6.0
3.643,2024-06-04,3.6,3.65,71496.0,False,,2024-06-05T07:00:00Z,False,151.0,5.0
3.653,2024-06-05,3.6,3.75,85413.0,False,,2024-06-07T07:00:00Z,False,151.0,5.0
3.646,2024-06-07,3.6,3.65,50819.0,False,,2024-06-10T07:00:00Z,False,81.0,4.0
3.644,2024-06-10,3.6,3.65,74495.0,False,,2024-06-11T07:00:00Z,False,148.0,5.0
3.638,2024-06-11,3.55,3.65,61091.0,False,,2024-06-12T07:00:00Z,False,147.0,5.0
3.647,2024-06-12,3.6,3.75,66442.0,False,,2024-06-13T07:00:00Z,False,148.0,6.0
3.639,2024-06-13,3.6,3.65,57860.0,False,,2024-06-14T07:00:00Z,False,146.0,5.0
3.642,2024-06-14,3.6,3.65,60982.0,False,,2024-06-17T07:00:00Z,False,149.0,5.0
3.642,2024-06-17,3.58,3.65,55091.0,False,,2024-06-18T07:00:00Z,False,145.0,6.0
3.642,2024-06-18,3.55,3.65,54387.0,False,,2024-06-19T07:00:00Z,False,153.0,6.0
3.642,2024-06-19,3.6,3.65,65241.0,False,,2024-06-20T07:00:00Z,False,153.0,6.0
3.643,2024-06-20,3.6,3.65,62605.0,False,,2024-06-24T07:00:00Z,False,156.0,5.0
3.634,2024-06-24,3.55,3.65,34869.0,False,,2024-06-25T07:00:00Z,False,100.0,5.0
3.643,2024-06-25,3.6,3.65,66691.0,False,,2024-06-26T07:00:00Z,False,151.0,6.0
3.645,2024-06-26,3.6,3.65,70532.0,False,,2024-06-27T07:00:00Z,False,150.0,6.0
3.642,2024-06-27,3.6,3.65,62216.0,False,,2024-06-28T07:00:00Z,False,151.0,5.0
3.644,2024-06-28,3.58,3.65,55666.0,False,,2024-07-01T07:00:00Z,False,132.0,5.0
3.64,2024-07-01,3.6,3.65,65134.0,False,,2024-07-02T07:00:00Z,False,156.0,6.0
3.642,2024-07-02,3.58,3.65,59620.0,False,,2024-07-03T07:00:00Z,False,155.0,5.0
3.64,2024-07-03,3.6,3.65,64641.0,False,,2024-07-04T07:00:00Z,False,150.0,5.0
3.64,2024-07-04,3.58,3.65,67246.0,False,,2024-07-05T07:00:00Z,False,156.0,5.0
3.64,2024-07-05,3.58,3.65,63239.0,False,,2024-07-08T07:00:00Z,False,161.0,6.0
3.642,2024-07-08,3.6,3.65,58772.0,False,,2024-07-09T07:00:00Z,False,157.0,6.0
3.643,2024-07-09,3.59,3.65,63092.0,False,,2024-07-10T07:00:00Z,False,159.0,6.0
3.65,2024-07-10,3.6,3.73,58118.0,False,,2024-07-11T07:00:00Z,False,151.0,6.0
3.644,2024-07-11,3.58,3.65,51535.0,False,,2024-07-12T07:00:00Z,False,141.0,6.0
3.644,2024-07-12,3.55,3.65,51590.0,False,,2024-07-15T07:00:00Z,False,143.0,5.0
3.641,2024-07-15,3.55,3.65,48774.0,False,,2024-07-16T07:00:00Z,False,144.0,6.0
3.641,2024-07-16,3.55,3.65,50644.0,False,,2024-07-17T07:00:00Z,False,143.0,5.0
3.641,2024-07-17,3.59,3.65,54651.0,False,,2024-07-18T07:00:00Z,False,146.0,5.0
3.643,2024-07-18,3.6,3.65,56099.0,False,,2024-07-19T07:00:00Z,False,149.0,5.0
3.644,2024-07-19,3.58,3.65,55979.0,False,,2024-07-22T07:00:00Z,False,145.0,5.0
3.646,2024-07-22,3.6,3.65,58370.0,False,,2024-07-23T07:00:00Z,False,151.0,5.0
3.644,2024-07-23,3.59,3.65,60953.0,False,,2024-07-24T07:00:00Z,False,152.0,5.0
3.648,2024-07-24,3.6,3.65,64497.0,False,,2024-07-25T07:00:00Z,False,157.0,5.0
3.65,2024-07-25,3.6,3.73,74051.0,False,,2024-07-26T07:00:00Z,False,167.0,5.0
3.648,2024-07-26,3.6,3.73,73766.0,False,,2024-07-29T07:00:00Z,False,163.0,5.0
3.646,2024-07-29,3.6,3.65,65697.0,False,,2024-07-30T07:00:00Z,False,165.0,5.0
3.652,2024-07-30,3.6,3.75,71900.0,False,,2024-07-31T07:00:00Z,False,168.0,5.0
3.646,2024-07-31,3.6,3.65,59020.0,False,,2024-08-01T07:00:00Z,False,148.0,5.0
3.643,2024-08-01,3.6,3.65,61755.0,False,,2024-08-02T07:00:00Z,False,159.0,6.0
3.645,2024-08-02,3.6,3.65,58077.0,False,,2024-08-05T07:00:00Z,False,155.0,6.0
3.642,2024-08-05,3.58,3.65,63198.0,False,,2024-08-06T07:00:00Z,False,158.0,6.0
3.643,2024-08-06,3.6,3.65,69026.0,False,,2024-08-07T07:00:00Z,False,165.0,6.0
3.648,2024-08-07,3.6,3.73,67290.0,False,,2024-08-08T07:00:00Z,False,162.0,5.0
3.648,2024-08-08,3.6,3.73,65765.0,False,,2024-08-09T07:00:00Z,False,168.0,6.0
3.648,2024-08-09,3.6,3.73,67090.0,False,,2024-08-12T07:00:00Z,False,154.0,6.0
3.65,2024-08-12,3.6,3.73,68166.0,False,,2024-08-13T07:00:00Z,False,157.0,6.0
3.643,2024-08-13,3.6,3.65,58929.0,False,,2024-08-14T07:00:00Z,False,155.0,6.0
3.661,2024-08-14,3.6,3.75,68657.0,False,,2024-08-15T07:00:00Z,False,154.0,5.0
3.646,2024-08-15,3.6,3.65,73962.0,False,,2024-08-16T07:00:00Z,False,152.0,5.0
3.652,2024-08-16,,,,True,4,2024-08-19T07:00:00Z,False,,
3.664,2024-08-19,3.6,3.75,71653.0,False,,2024-08-20T07:00:00Z,False,163.0,6.0
3.644,2024-08-20,3.6,3.65,62425.0,False,,2024-08-21T07:00:00Z,False,158.0,6.0
3.397,2024-08-21,3.35,3.4,84316.0,False,,2024-08-22T07:00:00Z,False,160.0,5.0
3.394,2024-08-22,3.35,3.4,69128.0,False,,2024-08-23T07:00:00Z,False,156.0,6.0
3.393,2024-08-23,3.35,3.4,66891.0,False,,2024-08-26T07:00:00Z,False,154.0,5.0
3.392,2024-08-26,3.35,3.4,66006.0,False,,2024-08-27T07:00:00Z,False,160.0,6.0
3.394,2024-08-27,3.35,3.46,70597.0,False,,2024-08-28T07:00:00Z,False,157.0,5.0
3.39,2024-08-28,3.35,3.4,64877.0,False,,2024-08-29T07:00:00Z,False,162.0,6.0
3.395,2024-08-29,3.35,3.46,65475.0,False,,2024-08-30T07:00:00Z,False,159.0,6.0
3.413,2024-08-30,3.35,3.5,71289.0,False,,2024-09-02T07:00:00Z,False,141.0,5.0
3.39,2024-09-02,3.35,3.4,62188.0,False,,2024-09-03T07:00:00Z,False,167.0,5.0
3.398,2024-09-03,3.35,3.5,65494.0,False,,2024-09-04T07:00:00Z,False,162.0,6.0
3.417,2024-09-04,3.35,3.5,83083.0,False,,2024-09-05T07:00:00Z,False,164.0,6.0
3.39,2024-09-05,3.33,3.4,61949.0,False,,2024-09-06T07:00:00Z,False,165.0,6.0
3.397,2024-09-06,3.35,3.46,66827.0,False,,2024-09-09T07:00:00Z,False,164.0,6.0
3.397,2024-09-09,3.35,3.46,70716.0,False,,2024-09-10T07:00:00Z,False,171.0,6.0
3.401,2024-09-10,3.35,3.5,82648.0,False,,2024-09-11T07:00:00Z,False,168.0,6.0
3.391,2024-09-11,3.32,3.4,57432.0,False,,2024-09-12T07:00:00Z,False,159.0,6.0
3.394,2024-09-12,3.33,3.45,58215.0,False,,2024-09-13T07:00:00Z,False,152.0,6.0
3.389,2024-09-13,3.35,3.4,46554.0,False,,2024-09-16T07:00:00Z,False,79.0,5.0
3.389,2024-09-16,3.35,3.4,42938.0,False,,2024-09-17T07:00:00Z,False,82.0,5.0
3.389,2024-09-17,3.35,3.4,46610.0,False,,2024-09-18T07:00:00Z,False,84.0,5.0
3.398,2024-09-18,3.35,3.5,72031.0,False,,2024-09-19T07:00:00Z,False,167.0,6.0
3.39,2024-09-19,3.35,3.4,61859.0,False,,2024-09-20T07:00:00Z,False,158.0,6.0
3.4,2024-09-20,3.35,3.5,71261.0,False,,2024-09-23T07:00:00Z,False,162.0,5.0
3.394,2024-09-23,3.35,3.4,67491.0,False,,2024-09-24T07:00:00Z,False,160.0,5.0
3.394,2024-09-24,3.35,3.4,66524.0,False,,2024-09-25T07:00:00Z,False,164.0,5.0
3.407,2024-09-25,3.35,3.5,84825.0,False,,2024-09-26T07:00:00Z,False,170.0,5.0
3.401,2024-09-26,3.35,3.5,79167.0,False,,2024-09-27T07:00:00Z,False,173.0,5.0
3.403,2024-09-27,3.35,3.5,77817.0,False,,2024-09-30T07:00:00Z,False,175.0,6.0
3.398,2024-09-30,3.35,3.4,59349.0,False,,2024-10-01T07:00:00Z,False,138.0,6.0
3.394,2024-10-01,3.34,3.4,64455.0,False,,2024-10-02T07:00:00Z,False,159.0,6.0
3.159,2024-10-02,3.1,3.4,60301.0,False,,2024-10-03T07:00:00Z,False,158.0,6.0
3.143,2024-10-03,3.1,3.15,60957.0,False,,2024-10-04T07:00:00Z,False,161.0,6.0
3.144,2024-10-04,3.1,3.15,63321.0,False,,2024-10-07T07:00:00Z,False,162.0,6.0
3.147,2024-10-07,3.1,3.18,69686.0,False,,2024-10-08T07:00:00Z,False,166.0,6.0
3.16,2024-10-08,3.1,3.25,73861.0,False,,2024-10-09T07:00:00Z,False,166.0,6.0
3.143,2024-10-09,3.1,3.15,68925.0,False,,2024-10-10T07:00:00Z,False,170.0,5.0
3.142,2024-10-10,3.1,3.15,64495.0,False,,2024-10-11T07:00:00Z,False,164.0,5.0
3.139,2024-10-11,3.08,3.15,62878.0,False,,2024-10-14T07:00:00Z,False,156.0,5.0
3.14,2024-10-14,3.1,3.15,65455.0,False,,2024-10-15T07:00:00Z,False,159.0,5.0
3.138,2024-10-15,3.1,3.15,58494.0,False,,2024-10-16T07:00:00Z,False,160.0,6.0
3.155,2024-10-16,3.1,3.25,67366.0,False,,2024-10-17T07:00:00Z,False,167.0,6.0
3.172,2024-10-17,3.12,3.25,71661.0,False,,2024-10-18T07:00:00Z,False,167.0,6.0
3.155,2024-10-18,3.1,3.25,65172.0,False,,2024-10-21T07:00:00Z,False,172.0,6.0
3.148,2024-10-21,3.1,3.21,67575.0,False,,2024-10-22T07:00:00Z,False,170.0,6.0
3.143,2024-10-22,3.09,3.16,62188.0,False,,2024-10-23T07:00:00Z,False,171.0,5.0
3.142,2024-10-23,3.1,3.15,70874.0,False,,2024-10-24T07:00:00Z,False,181.0,6.0
3.145,2024-10-24,3.1,3.15,77370.0,False,,2024-10-25T07:00:00Z,False,174.0,5.0
3.142,2024-10-25,3.1,3.15,73968.0,False,,2024-10-28T08:00:00Z,False,178.0,5.0
3.142,2024-10-28,3.08,3.15,71761.0,False,,2024-10-29T08:00:00Z,False,176.0,6.0
3.144,2024-10-29,3.1,3.15,75822.0,False,,2024-10-30T08:00:00Z,False,177.0,6.0
3.172,2024-10-30,3.1,3.25,71691.0,False,,2024-10-31T08:00:00Z,False,184.0,6.0
3.145,2024-10-31,3.09,3.2,72273.0,False,,2024-11-01T08:00:00Z,False,152.0,6.0
3.14,2024-11-01,3.08,3.2,75854.0,False,,2024-11-04T08:00:00Z,False,170.0,6.0
3.139,2024-11-04,3.08,3.15,75868.0,False,,2024-11-05T08:00:00Z,False,174.0,6.0
3.142,2024-11-05,3.08,3.2,74532.0,False,,2024-11-06T08:00:00Z,False,179.0,6.0
3.142,2024-11-06,3.08,3.2,73348.0,False,,2024-11-07T08:00:00Z,False,180.0,6.0
3.139,2024-11-07,3.05,3.15,68801.0,False,,2024-11-08T08:00:00Z,False,184.0,6.0
3.149,2024-11-08,3.08,3.25,77306.0,False,,2024-11-11T08:00:00Z,False,183.0,5.0
3.144,2024-11-11,3.1,3.21,75850.0,False,,2024-11-12T08:00:00Z,False,178.0,6.0
3.156,2024-11-12,3.09,3.25,87317.0,False,,2024-11-13T08:00:00Z,False,177.0,6.0
2.689,2024-11-13,2.55,3.15,62117.0,False,,2024-11-14T08:00:00Z,False,172.0,6.0
2.642,2024-11-14,2.55,2.7,55822.0,False,,2024-11-15T08:00:00Z,False,178.0,6.0
2.644,2024-11-15,2.55,2.7,58802.0,False,,2024-11-18T08:00:00Z,False,177.0,6.0
2.662,2024-11-18,2.58,2.75,74248.0,False,,2024-11-19T08:00:00Z,False,174.0,5.0
2.664,2024-11-19,2.6,2.75,84440.0,False,,2024-11-20T08:00:00Z,False,182.0,5.0
2.641,2024-11-20,2.58,2.65,73180.0,False,,2024-11-21T08:00:00Z,False,176.0,6.0
2.639,2024-11-21,2.58,2.65,75026.0,False,,2024-11-22T08:00:00Z,False,179.0,5.0
2.643,2024-11-22,2.58,2.65,75682.0,False,,2024-11-25T08:00:00Z,False,182.0,6.0
2.644,2024-11-25,2.58,2.65,81468.0,False,,2024-11-26T08:00:00Z,False,183.0,6.0
2.644,2024-11-26,2.59,2.65,89978.0,False,,2024-11-27T08:00:00Z,False,192.0,6.0
2.639,2024-11-27,2.58,2.65,84050.0,False,,2024-11-28T08:00:00Z,False,182.0,6.0
2.638,2024-11-28,2.58,2.65,83955.0,False,,2024-11-29T08:00:00Z,False,189.0,5.0
2.641,2024-11-29,2.58,2.65,72481.0,False,,2024-12-02T08:00:00Z,False,157.0,6.0
2.641,2024-12-02,2.58,2.7,80982.0,False,,2024-12-03T08:00:00Z,False,185.0,6.0
2.639,2024-12-03,2.55,2.65,75722.0,False,,2024-12-04T08:00:00Z,False,186.0,6.0
2.658,2024-12-04,2.58,2.75,70824.0,False,,2024-12-05T08:00:00Z,False,183.0,6.0
2.669,2024-12-05,2.6,2.75,79040.0,False,,2024-12-06T08:00:00Z,False,179.0,5.0
2.634,2024-12-06,2.55,2.7,69227.0,False,,2024-12-09T08:00:00Z,False,179.0,5.0
2.641,2024-12-09,2.55,2.7,69623.0,False,,2024-12-10T08:00:00Z,False,181.0,5.0
2.644,2024-12-10,2.55,2.7,71248.0,False,,2024-12-11T08:00:00Z,False,181.0,6.0
2.636,2024-12-11,2.55,2.65,70679.0,False,,2024-12-12T08:00:00Z,False,181.0,5.0
2.63,2024-12-12,2.55,2.65,60889.0,False,,2024-12-13T08:00:00Z,False,181.0,6.0
2.63,2024-12-13,2.55,2.65,58783.0,False,,2024-12-16T08:00:00Z,False,185.0,6.0
2.627,2024-12-16,2.55,2.65,49461.0,False,,2024-12-17T08:00:00Z,False,174.0,6.0
2.625,2024-12-17,2.55,2.65,49792.0,False,,2024-12-18T08:00:00Z,False,179.0,6.0
2.625,2024-12-18,2.55,2.65,56900.0,False,,2024-12-19T08:00:00Z,False,187.0,6.0
2.631,2024-12-19,2.55,2.65,56781.0,False,,2024-12-20T08:00:00Z,False,181.0,5.0
2.63,2024-12-20,2.54,2.65,50924.0,False,,2024-12-23T08:00:00Z,False,178.0,6.0
2.661,2024-12-23,2.6,2.75,85611.0,False,,2024-12-27T08:00:00Z,False,171.0,6.0
2.622,2024-12-27,2.55,2.65,45146.0,False,,2024-12-30T08:00:00Z,False,167.0,5.0
-4.347,2024-12-30,-10.73,2.52,25250.0,False,,2025-01-02T08:00:00Z,False,88.0,6.0
2.622,2025-01-02,2.55,2.65,40745.0,False,,2025-01-03T08:00:00Z,False,151.0,6.0
2.624,2025-01-03,2.55,2.7,42756.0,False,,2025-01-07T08:00:00Z,False,156.0,6.0
2.626,2025-01-07,2.55,2.7,48934.0,False,,2025-01-08T08:00:00Z,False,172.0,6.0
2.393,2025-01-08,2.3,2.5,52761.0,False,,2025-01-09T08:00:00Z,False,168.0,6.0
2.38,2025-01-09,2.3,2.4,46271.0,False,,2025-01-10T08:00:00Z,False,175.0,6.0
2.377,2025-01-10,2.3,2.4,48978.0,False,,2025-01-13T08:00:00Z,False,176.0,6.0
2.381,2025-01-13,2.3,2.4,50651.0,False,,2025-01-14T08:00:00Z,False,178.0,6.0
2.378,2025-01-14,2.3,2.4,48436.0,False,,2025-01-15T08:00:00Z,False,182.0,7.0
2.378,2025-01-15,2.3,2.4,54696.0,False,,2025-01-16T08:00:00Z,False,178.0,6.0
2.381,2025-01-16,2.3,2.4,60101.0,False,,2025-01-17T08:00:00Z,False,178.0,6.0
2.384,2025-01-17,2.32,2.4,64476.0,False,,2025-01-20T08:00:00Z,False,182.0,6.0
2.38,2025-01-20,2.3,2.4,59501.0,False,,2025-01-21T08:00:00Z,False,185.0,6.0
2.381,2025-01-21,2.28,2.4,56671.0,False,,2025-01-22T08:00:00Z,False,181.0,6.0
2.381,2025-01-22,2.3,2.4,57122.0,False,,2025-01-23T08:06:00Z,False,180.0,6.0
2.384,2025-01-23,2.3,2.4,62783.0,False,,2025-01-24T08:00:00Z,False,184.0,6.0
2.39,2025-01-24,2.3,2.45,68111.0,False,,2025-01-27T08:00:00Z,False,189.0,6.0
2.385,2025-01-27,2.3,2.4,62332.0,False,,2025-01-28T08:00:00Z,False,191.0,6.0
2.384,2025-01-28,2.3,2.4,59507.0,False,,2025-01-29T08:00:00Z,False,182.0,5.0
2.379,2025-01-29,2.3,2.4,57285.0,False,,2025-01-30T08:00:00Z,False,184.0,6.0
2.381,2025-01-30,2.3,2.4,60247.0,False,,2025-01-31T08:00:00Z,False,183.0,5.0
2.389,2025-01-31,2.3,2.4,55563.0,False,,2025-02-03T08:00:00Z,False,160.0,5.0
2.386,2025-02-03,2.3,2.4,60229.0,False,,2025-02-04T08:00:00Z,False,189.0,5.0
2.385,2025-02-04,2.3,2.4,58896.0,False,,2025-02-05T08:00:00Z,False,188.0,7.0
2.145,2025-02-05,2.08,2.21,68116.0,False,,2025-02-06T08:00:00Z,False,188.0,5.0
2.138,2025-02-06,2.07,2.15,63711.0,False,,2025-02-07T08:00:00Z,False,189.0,5.0
2.135,2025-02-07,2.05,2.15,60663.0,False,,2025-02-10T08:00:00Z,False,185.0,5.0
2.141,2025-02-10,2.08,2.15,74231.0,False,,2025-02-11T08:00:00Z,False,185.0,6.0
2.138,2025-02-11,2.08,2.15,73871.0,False,,2025-02-12T08:00:00Z,False,187.0,5.0
2.132,2025-02-12,2.05,2.15,51557.0,False,,2025-02-13T08:00:00Z,False,178.0,5.0
2.128,2025-02-13,2.05,2.15,45607.0,False,,2025-02-14T08:00:00Z,False,179.0,5.0
2.13,2025-02-14,2.0,2.15,47119.0,False,,2025-02-17T08:00:00Z,False,182.0,5.0
2.133,2025-02-17,2.05,2.15,51833.0,False,,2025-02-18T08:00:00Z,False,188.0,5.0
2.137,2025-02-18,2.05,2.15,54100.0,False,,2025-02-19T08:00:00Z,False,187.0,5.0
2.147,2025-02-19,2.07,2.25,61843.0,False,,2025-02-20T08:00:00Z,False,187.0,5.0
2.136,2025-02-20,2.05,2.15,56161.0,False,,2025-02-21T08:00:00Z,False,187.0,5.0
2.138,2025-02-21,2.05,2.15,55169.0,False,,2025-02-24T08:00:00Z,False,190.0,5.0
2.141,2025-02-24,2.07,2.15,62937.0,False,,2025-02-25T08:00:00Z,False,187.0,5.0
2.142,2025-02-25,2.1,2.15,72850.0,False,,2025-02-26T08:00:00Z,False,198.0,6.0
2.138,2025-02-26,2.07,2.15,63891.0,False,,2025-02-27T08:00:00Z,False,194.0,6.0
2.136,2025-02-27,2.07,2.15,67329.0,False,,2025-02-28T08:00:00Z,False,191.0,6.0
2.142,2025-02-28,2.08,2.15,68044.0,False,,2025-03-03T08:00:00Z,False,158.0,6.0
2.139,2025-03-03,2.07,2.2,75772.0,False,,2025-03-04T08:00:00Z,False,188.0,6.0
2.136,2025-03-04,2.07,2.15,69803.0,False,,2025-03-05T08:00:00Z,False,185.0,6.0
2.136,2025-03-05,2.05,2.15,62106.0,False,,2025-03-06T08:00:00Z,False,186.0,6.0
2.137,2025-03-06,2.07,2.15,61385.0,False,,2025-03-07T08:00:00Z,False,183.0,6.0
2.143,2025-03-07,2.1,2.21,77773.0,False,,2025-03-10T08:00:00Z,False,188.0,4.0
2.137,2025-03-10,2.1,2.15,84117.0,False,,2025-03-11T08:00:00Z,False,187.0,6.0
2.136,2025-03-11,2.07,2.15,80571.0,False,,2025-03-12T08:00:00Z,False,183.0,6.0
2.133,2025-03-12,2.05,2.15,52816.0,False,,2025-03-13T08:00:00Z,False,177.0,6.0
2.134,2025-03-13,2.05,2.15,58037.0,False,,2025-03-14T08:00:00Z,False,176.0,6.0
2.131,2025-03-14,2.05,2.15,52295.0,False,,2025-03-17T08:00:00Z,False,174.0,6.0
2.137,2025-03-17,2.05,2.25,56298.0,False,,2025-03-18T08:00:00Z,False,177.0,6.0
2.13,2025-03-18,2.05,2.15,51303.0,False,,2025-03-19T08:00:00Z,False,187.0,6.0
2.168,2025-03-19,2.1,2.25,70617.0,False,,2025-03-20T08:00:00Z,False,186.0,5.0
2.132,2025-03-20,2.05,2.15,54709.0,False,,2025-03-21T08:00:00Z,False,183.0,5.0
2.131,2025-03-21,2.05,2.15,62623.0,False,,2025-03-24T08:00:00Z,False,193.0,5.0
2.139,2025-03-24,2.07,2.15,67416.0,False,,2025-03-25T08:00:00Z,False,184.0,5.0
2.146,2025-03-25,2.08,2.25,70561.0,False,,2025-03-26T08:00:00Z,False,187.0,6.0
2.138,2025-03-26,2.07,2.15,66717.0,False,,2025-03-27T08:00:00Z,False,194.0,6.0
2.139,2025-03-27,2.07,2.15,70931.0,False,,2025-03-28T08:00:00Z,False,194.0,6.0
2.137,2025-03-28,2.05,2.15,73857.0,False,,2025-03-31T07:00:00Z,False,192.0,6.0
2.141,2025-03-31,2.08,2.15,60746.0,False,,2025-04-01T07:00:00Z,False,154.0,6.0
2.135,2025-04-01,2.05,2.15,69152.0,False,,2025-04-02T07:00:00Z,False,189.0,6.0
2.131,2025-04-02,2.05,2.15,60867.0,False,,2025-04-03T07:00:00Z,False,188.0,5.0
2.134,2025-04-03,2.05,2.15,63722.0,False,,2025-04-04T07:00:00Z,False,194.0,6.0
2.137,2025-04-04,2.05,2.15,66837.0,False,,2025-04-07T07:00:00Z,False,193.0,5.0
2.132,2025-04-07,2.05,2.15,74648.0,False,,2025-04-08T07:00:00Z,False,195.0,5.0
2.136,2025-04-08,2.05,2.15,64695.0,False,,2025-04-09T07:00:00Z,False,197.0,5.0
2.132,2025-04-09,2.05,2.15,66919.0,False,,2025-04-10T07:00:00Z,False,191.0,5.0
2.134,2025-04-10,2.05,2.15,68460.0,False,,2025-04-11T07:00:00Z,False,197.0,5.0
2.134,2025-04-11,2.05,2.15,69991.0,False,,2025-04-14T07:00:00Z,False,199.0,5.0
2.136,2025-04-14,2.05,2.15,74728.0,False,,2025-04-15T07:00:00Z,False,199.0,5.0
2.134,2025-04-15,2.05,2.15,73417.0,False,,2025-04-16T07:00:00Z,False,192.0,5.0
2.136,2025-04-16,2.1,2.15,79383.0,False,,2025-04-17T07:00:00Z,False,196.0,5.0
2.139,2025-04-17,2.05,2.15,73335.0,False,,2025-04-22T07:00:00Z,False,194.0,5.0
2.138,2025-04-22,2.05,2.15,72794.0,False,,2025-04-23T07:00:00Z,False,202.0,6.0
2.137,2025-04-23,2.05,2.15,76117.0,False,,2025-04-24T07:00:00Z,False,199.0,6.0
2.16,2025-04-24,2.1,2.25,107356.0,False,,2025-04-25T07:00:00Z,False,209.0,5.0
2.138,2025-04-25,2.1,2.15,90026.0,False,,2025-04-28T07:00:00Z,False,210.0,6.0
2.139,2025-04-28,2.1,2.15,85217.0,False,,2025-04-29T07:00:00Z,False,213.0,5.0
2.141,2025-04-29,2.1,2.15,82190.0,False,,2025-04-30T07:00:00Z,False,214.0,5.0
2.14,2025-04-30,2.09,2.15,74762.0,False,,2025-05-02T07:00:00Z,False,174.0,6.0
2.138,2025-05-02,2.05,2.15,66371.0,False,,2025-05-05T07:00:00Z,False,200.0,5.0
2.146,2025-05-05,2.07,2.25,84426.0,False,,2025-05-06T07:00:00Z,False,204.0,5.0
2.138,2025-05-06,2.07,2.2,80792.0,False,,2025-05-07T07:00:00Z,False,206.0,6.0
2.135,2025-05-07,2.05,2.15,72938.0,False,,2025-05-08T07:00:00Z,False,207.0,6.0
2.136,2025-05-08,2.07,2.15,68265.0,False,,2025-05-09T07:00:00Z,False,208.0,6.0
2.137,2025-05-09,2.05,2.21,68609.0,False,,2025-05-12T07:00:00Z,False,205.0,6.0
2.157,2025-05-12,2.08,2.25,76163.0,False,,2025-05-13T07:00:00Z,False,205.0,6.0
2.126,2025-05-13,2.03,2.15,52004.0,False,,2025-05-14T07:00:00Z,False,192.0,6.0
2.136,2025-05-14,2.05,2.21,63645.0,False,,2025-05-15T07:00:00Z,False,197.0,6.0
2.133,2025-05-15,2.05,2.15,58367.0,False,,2025-05-16T07:00:00Z,False,191.0,6.0
2.138,2025-05-16,2.05,2.15,73001.0,False,,2025-05-19T07:00:00Z,False,191.0,5.0
2.139,2025-05-19,2.05,2.15,65056.0,False,,2025-05-20T07:00:00Z,False,197.0,6.0
2.137,2025-05-20,2.05,2.15,69584.0,False,,2025-05-21T07:00:00Z,False,196.0,6.0
2.14,2025-05-21,2.07,2.15,69331.0,False,,2025-05-22T07:00:00Z,False,192.0,6.0
2.14,2025-05-22,2.07,2.15,71389.0,False,,2025-05-23T07:00:00Z,False,197.0,6.0
2.144,2025-05-23,2.1,2.15,75290.0,False,,2025-05-26T07:00:00Z,False,199.0,6.0
2.144,2025-05-26,2.1,2.15,79792.0,False,,2025-05-27T07:00:00Z,False,204.0,5.0
2.138,2025-05-27,2.06,2.15,69502.0,False,,2025-05-28T07:00:00Z,False,199.0,4.0
2.14,2025-05-28,2.07,2.15,57423.0,False,,2025-05-30T07:00:00Z,False,194.0,5.0
2.145,2025-05-30,2.1,2.15,55131.0,False,,2025-06-02T07:00:00Z,False,159.0,5.0
2.141,2025-06-02,2.08,2.15,60895.0,False,,2025-06-03T07:00:00Z,False,190.0,4.0
2.141,2025-06-03,2.09,2.15,65823.0,False,,2025-06-04T07:00:00Z,False,198.0,6.0
2.139,2025-06-04,2.1,2.15,63232.0,False,,2025-06-05T07:00:00Z,False,196.0,4.0
2.141,2025-06-05,2.05,2.15,62015.0,False,,2025-06-09T07:00:00Z,False,203.0,5.0
2.177,2025-06-09,2.1,2.25,72344.0,False,,2025-06-10T07:00:00Z,False,200.0,6.0
2.154,2025-06-10,2.1,2.25,71444.0,False,,2025-06-11T07:00:00Z,False,203.0,5.0
2.143,2025-06-11,2.07,2.2,61929.0,False,,2025-06-12T07:00:00Z,False,198.0,5.0
2.138,2025-06-12,2.05,2.2,62920.0,False,,2025-06-13T07:00:00Z,False,194.0,6.0
2.145,2025-06-13,2.08,2.2,67215.0,False,,2025-06-16T07:00:00Z,False,193.0,6.0
2.145,2025-06-16,2.08,2.2,68818.0,False,,2025-06-17T07:00:00Z,False,196.0,6.0
2.157,2025-06-17,2.09,2.21,71531.0,False,,2025-06-18T07:00:00Z,False,197.0,5.0
2.142,2025-06-18,2.07,2.2,69002.0,False,,2025-06-19T07:00:00Z,False,202.0,6.0
2.138,2025-06-19,2.05,2.2,70663.0,False,,2025-06-23T07:00:00Z,False,202.0,6.0
2.139,2025-06-23,2.08,2.2,68336.0,False,,2025-06-24T07:00:00Z,False,205.0,5.0
2.138,2025-06-24,2.09,2.15,72895.0,False,,2025-06-25T07:00:00Z,False,205.0,6.0
1.887,2025-06-25,1.85,1.9,74375.0,False,,2025-06-26T07:00:00Z,False,212.0,6.0
1.888,2025-06-26,1.85,1.9,71271.0,False,,2025-06-27T07:00:00Z,False,205.0,6.0
1.905,2025-06-27,1.87,1.96,77404.0,False,,2025-06-30T07:00:00Z,False,212.0,6.0
1.912,2025-06-30,1.89,2.0,66925.0,False,,2025-07-01T07:00:00Z,False,172.0,5.0
1.891,2025-07-01,1.85,1.9,70545.0,False,,2025-07-02T07:00:00Z,False,202.0,4.0
1.885,2025-07-02,1.82,1.9,60809.0,False,,2025-07-03T07:00:00Z,False,207.0,4.0
1.89,2025-07-03,1.8,1.9,60537.0,False,,2025-07-04T07:00:00Z,False,206.0,6.0
1.884,2025-07-04,1.8,1.9,62349.0,False,,2025-07-07T07:00:00Z,False,209.0,5.0
1.896,2025-07-07,1.85,1.98,70335.0,False,,2025-07-08T07:00:00Z,False,213.0,5.0
1.886,2025-07-08,1.8,1.9,59442.0,False,,2025-07-09T07:00:00Z,False,212.0,5.0
1.884,2025-07-09,1.8,1.9,64691.0,False,,2025-07-10T07:00:00Z,False,213.0,6.0
1.885,2025-07-10,1.8,1.9,61029.0,False,,2025-07-11T07:00:00Z,False,215.0,6.0
1.885,2025-07-11,1.8,1.9,62884.0,False,,2025-07-14T07:00:00Z,False,211.0,6.0
1.893,2025-07-14,1.83,1.9,70270.0,False,,2025-07-15T07:00:00Z,False,210.0,5.0
1.893,2025-07-15,1.83,1.9,70741.0,False,,2025-07-16T07:00:00Z,False,211.0,5.0
1.885,2025-07-16,1.8,1.9,57709.0,False,,2025-07-17T07:00:00Z,False,206.0,4.0
1.889,2025-07-17,1.8,1.95,60906.0,False,,2025-07-18T07:00:00Z,False,213.0,5.0
1.885,2025-07-18,1.8,1.95,55946.0,False,,2025-07-21T07:00:00Z,False,213.0,5.0
1.886,2025-07-21,1.8,1.9,65524.0,False,,2025-07-22T07:00:00Z,False,221.0,5.0
1.888,2025-07-22,1.82,1.95,73397.0,False,,2025-07-23T07:00:00Z,False,224.0,5.0
1.891,2025-07-23,1.83,1.95,74052.0,False,,2025-07-24T07:00:00Z,False,225.0,5.0
1.908,2025-07-24,1.85,2.0,89864.0,False,,2025-07-25T07:00:00Z,False,225.0,5.0
1.902,2025-07-25,1.85,2.0,85045.0,False,,2025-07-28T07:00:00Z,False,225.0,5.0
1.893,2025-07-28,1.83,1.96,85758.0,False,,2025-07-29T07:00:00Z,False,224.0,5.0
1.894,2025-07-29,1.83,1.96,85724.0,False,,2025-07-30T07:00:00Z,False,218.0,5.0
1.89,2025-07-30,1.83,1.9,73350.0,False,,2025-07-31T07:00:00Z,False,216.0,5.0
1.891,2025-07-31,1.85,1.9,68052.0,False,,2025-08-01T07:00:00Z,False,180.0,5.0
1.887,2025-08-01,1.82,1.9,72861.0,False,,2025-08-04T07:00:00Z,False,214.0,4.0
1.883,2025-08-04,1.8,1.9,73552.0,False,,2025-08-05T07:00:00Z,False,216.0,4.0
1.885,2025-08-05,1.83,1.9,69908.0,False,,2025-08-06T07:00:00Z,False,220.0,5.0
1.887,2025-08-06,1.8,1.9,66436.0,False,,2025-08-07T07:00:00Z,False,218.0,5.0
1.888,2025-08-07,1.8,1.9,65387.0,False,,2025-08-08T07:00:00Z,False,220.0,5.0
1.902,2025-08-08,1.82,2.0,79675.0,False,,2025-08-11T07:00:00Z,False,218.0,5.0
1.893,2025-08-11,1.83,1.96,82224.0,False,,2025-08-12T07:00:00Z,False,217.0,5.0
1.893,2025-08-12,1.83,1.91,88677.0,False,,2025-08-13T07:00:00Z,False,215.0,5.0
1.919,2025-08-13,1.83,2.0,76232.0,False,,2025-08-14T07:00:00Z,False,211.0,5.0
1.916,2025-08-14,1.85,2.0,71288.0,False,,2025-08-15T07:00:00Z,False,212.0,5.0
1.938,2025-08-15,1.87,2.0,87960.0,False,,2025-08-18T07:00:00Z,False,209.0,5.0
1.944,2025-08-18,1.87,2.01,79594.0,False,,2025-08-19T07:00:00Z,False,216.0,4.0
1.89,2025-08-19,1.8,1.9,73141.0,False,,2025-08-20T07:00:00Z,False,220.0,5.0
1.895,2025-08-20,1.85,1.9,87686.0,False,,2025-08-21T07:00:00Z,False,218.0,5.0
1.889,2025-08-21,1.83,1.9,74996.0,False,,2025-08-22T07:00:00Z,False,219.0,4.0
1.891,2025-08-22,1.85,1.9,79898.0,False,,2025-08-25T07:00:00Z,False,210.0,5.0
1.889,2025-08-25,1.83,1.9,77670.0,False,,2025-08-26T07:00:00Z,False,212.0,4.0
1.891,2025-08-26,1.83,1.9,76806.0,False,,2025-08-27T07:00:00Z,False,215.0,6.0
1.892,2025-08-27,1.82,1.91,73031.0,False,,2025-08-28T07:00:00Z,False,210.0,5.0
1.89,2025-08-28,1.8,1.91,69048.0,False,,2025-08-29T07:00:00Z,False,211.0,5.0
1.894,2025-08-29,1.85,1.92,64172.0,False,,2025-09-01T07:00:00Z,False,169.0,4.0
1.891,2025-09-01,1.8,1.91,73488.0,False,,2025-09-02T07:00:00Z,False,209.0,4.0
1.888,2025-09-02,1.8,1.9,68367.0,False,,2025-09-03T07:00:00Z,False,210.0,5.0
1.886,2025-09-03,1.83,1.9,70626.0,False,,2025-09-04T07:00:00Z,False,207.0,5.0
1.884,2025-09-04,1.83,1.9,67920.0,False,,2025-09-05T07:00:00Z,False,205.0,5.0
1.886,2025-09-05,1.82,1.9,70520.0,False,,2025-09-08T07:00:00Z,False,206.0,5.0
1.887,2025-09-08,1.82,1.9,66270.0,False,,2025-09-09T07:00:00Z,False,210.0,5.0
1.887,2025-09-09,1.85,1.9,68910.0,False,,2025-09-10T07:00:00Z,False,209.0,5.0
1.893,2025-09-10,1.8,1.96,65526.0,False,,2025-09-11T07:00:00Z,False,204.0,5.0
1.888,2025-09-11,1.82,1.96,59549.0,False,,2025-09-12T07:00:00Z,False,203.0,4.0
1.93,2025-09-12,1.83,2.0,69985.0,False,,2025-09-15T07:00:00Z,False,198.0,4.0
1.881,2025-09-15,1.8,1.9,56927.0,False,,2025-09-16T07:00:00Z,False,199.0,5.0
1.882,2025-09-16,1.8,1.91,54374.0,False,,2025-09-17T07:00:00Z,False,206.0,5.0
1.89,2025-09-17,1.85,1.9,85734.0,False,,2025-09-18T07:00:00Z,False,217.0,5.0
1.892,2025-09-18,1.85,1.96,83899.0,False,,2025-09-19T07:00:00Z,False,220.0,6.0
1.888,2025-09-19,1.8,1.9,72951.0,False,,2025-09-22T07:00:00Z,False,219.0,6.0
1.892,2025-09-22,1.83,1.96,81932.0,False,,2025-09-23T07:00:00Z,False,227.0,6.0
1.884,2025-09-23,1.8,1.9,66076.0,False,,2025-09-24T07:00:00Z,False,225.0,6.0
1.892,2025-09-24,1.8,1.95,75579.0,False,,2025-09-25T07:00:00Z,False,219.0,6.0
1.932,2025-09-25,1.85,2.26,92565.0,False,,2025-09-26T07:00:00Z,False,224.0,6.0
1.916,2025-09-26,1.83,2.0,89718.0,False,,2025-09-29T07:00:00Z,False,216.0,6.0
1.901,2025-09-29,1.85,1.96,75479.0,False,,2025-09-30T07:00:00Z,False,223.0,6.0
1.896,2025-09-30,1.85,1.95,69470.0,False,,2025-10-01T07:00:00Z,False,177.0,5.0
1.638,2025-10-01,1.59,1.65,78009.0,False,,2025-10-02T07:00:00Z,False,211.0,5.0
1.638,2025-10-02,1.59,1.65,81785.0,False,,2025-10-03T07:00:00Z,False,219.0,5.0
1.648,2025-10-03,1.6,1.75,89015.0,False,,2025-10-06T07:00:00Z,False,223.0,5.0
1.637,2025-10-06,1.57,1.66,76508.0,False,,2025-10-07T07:00:00Z,False,220.0,5.0
1.645,2025-10-07,1.6,1.65,66485.0,False,,2025-10-08T07:00:00Z,False,101.0,5.0
1.724,2025-10-08,1.6,2.13,82430.0,False,,2025-10-09T07:00:00Z,False,218.0,5.0
1.67,2025-10-09,1.6,1.75,78485.0,False,,2025-10-10T07:00:00Z,False,218.0,5.0
1.678,2025-10-10,1.57,1.75,89143.0,False,,2025-10-13T07:00:00Z,False,222.0,5.0
1.641,2025-10-13,1.55,1.74,66286.0,False,,2025-10-14T07:00:00Z,False,218.0,5.0
1.634,2025-10-14,1.55,1.65,58613.0,False,,2025-10-15T07:00:00Z,False,212.0,5.0
1.634,2025-10-15,1.55,1.65,81817.0,False,,2025-10-16T07:00:00Z,False,218.0,5.0
1.626,2025-10-16,1.55,1.65,80503.0,False,,2025-10-17T07:00:00Z,False,214.0,4.0
1.635,2025-10-17,1.55,1.65,77964.0,False,,2025-10-20T07:00:00Z,False,218.0,4.0
1.633,2025-10-20,1.58,1.7,82147.0,False,,2025-10-21T07:00:00Z,False,231.0,6.0
1.635,2025-10-21,1.58,1.65,85909.0,False,,2025-10-22T07:00:00Z,False,228.0,4.0
1.647,2025-10-22,1.58,1.7,83728.0,False,,2025-10-23T07:00:00Z,False,226.0,4.0
1.655,2025-10-23,1.58,1.75,87215.0,False,,2025-10-24T07:00:00Z,False,234.0,6.0
1.645,2025-10-24,1.58,1.7,88140.0,False,,2025-10-27T08:00:00Z,False,229.0,5.0
1.643,2025-10-27,1.58,1.71,93178.0,False,,2025-10-28T08:00:00Z,False,228.0,4.0
1.635,2025-10-28,1.58,1.7,78687.0,False,,2025-10-29T08:00:00Z,False,223.0,5.0
1.632,2025-10-29,1.55,1.65,66777.0,False,,2025-10-30T08:00:00Z,False,224.0,4.0
1.63,2025-10-30,1.55,1.65,70455.0,False,,2025-10-31T08:00:00Z,False,232.0,5.0
1.638,2025-10-31,1.58,1.65,68160.0,False,,2025-11-03T08:00:00Z,False,183.0,5.0
1.629,2025-11-03,1.53,1.65,66194.0,False,,2025-11-04T08:00:00Z,False,228.0,4.0
1.63,2025-11-04,1.5,1.65,67004.0,False,,2025-11-05T08:00:00Z,False,233.0,4.0
1.625,2025-11-05,1.55,1.65,72013.0,False,,2025-11-06T08:00:00Z,False,229.0,5.0
1.627,2025-11-06,1.55,1.65,61960.0,False,,2025-11-07T08:00:00Z,False,219.0,5.0
1.627,2025-11-07,1.55,1.65,57831.0,False,,2025-11-10T08:00:00Z,False,217.0,4.0
1.629,2025-11-10,1.55,1.65,61244.0,False,,2025-11-11T08:00:00Z,False,216.0,4.0
1.629,2025-11-11,1.55,1.65,64424.0,False,,2025-11-12T08:00:00Z,False,217.0,5.0
1.624,2025-11-12,1.54,1.65,55574.0,False,,2025-11-13T08:00:00Z,False,207.0,5.0
1.62,2025-11-13,1.55,1.65,58547.0,False,,2025-11-14T08:00:00Z,False,203.0,4.0
1.621,2025-11-14,1.55,1.65,59094.0,False,,2025-11-17T08:00:00Z,False,208.0,4.0
1.621,2025-11-17,1.55,1.65,61411.0,False,,2025-11-18T08:00:00Z,False,209.0,6.0
1.622,2025-11-18,1.55,1.65,65552.0,False,,2025-11-19T08:00:00Z,False,210.0,6.0
1.625,2025-11-19,1.55,1.65,61920.0,False,,2025-11-20T08:00:00Z,False,219.0,5.0
1.627,2025-11-20,1.55,1.65,59554.0,False,,2025-11-21T08:00:00Z,False,217.0,5.0
1.633,2025-11-21,1.55,1.65,63751.0,False,,2025-11-24T08:00:00Z,False,221.0,5.0
1.637,2025-11-24,1.6,1.65,78926.0,False,,2025-11-25T08:00:00Z,False,215.0,5.0
1.638,2025-11-25,1.6,1.66,75001.0,False,,2025-11-26T08:00:00Z,False,217.0,5.0
1.631,2025-11-26,1.55,1.65,78853.0,False,,2025-11-27T08:00:00Z,False,220.0,5.0
1.636,2025-11-27,1.55,1.66,75848.0,False,,2025-11-28T08:00:00Z,False,230.0,5.0
1.639,2025-11-28,1.58,1.66,66698.0,False,,2025-12-01T08:00:00Z,False,183.0,6.0
1.634,2025-12-01,1.55,1.65,66405.0,False,,2025-12-02T08:00:00Z,False,219.0,4.0
1.631,2025-12-02,1.55,1.65,62591.0,False,,2025-12-03T08:00:00Z,False,224.0,5.0
1.636,2025-12-03,1.6,1.65,81381.0,False,,2025-12-04T08:00:00Z,False,231.0,5.0
1.632,2025-12-04,1.58,1.65,80919.0,False,,2025-12-05T08:00:00Z,False,226.0,5.0
1.632,2025-12-05,1.55,1.65,80949.0,False,,2025-12-08T08:00:00Z,False,231.0,5.0
1.635,2025-12-08,1.55,1.65,82789.0,False,,2025-12-09T08:00:00Z,False,225.0,5.0
1.622,2025-12-09,1.55,1.65,64849.0,False,,2025-12-10T08:00:00Z,False,233.0,5.0
1.634,2025-12-10,1.54,1.67,59604.0,False,,2025-12-11T08:00:00Z,False,235.0,5.0
1.649,2025-12-11,1.55,1.75,67541.0,False,,2025-12-12T08:00:00Z,False,234.0,5.0
1.643,2025-12-12,1.55,1.7,69263.0,False,,2025-12-15T08:00:00Z,False,225.0,5.0
1.642,2025-12-15,1.53,1.75,56740.0,False,,2025-12-16T08:00:00Z,False,219.0,5.0
1.632,2025-12-16,1.55,1.75,63201.0,False,,2025-12-17T08:00:00Z,False,225.0,5.0
